date,sofr,iorb,sofr_volume,sofr_p25,sofr_p75,reserve_balances,tga,treasury_settlement,treasury_settlement_bills,treasury_settlement_coupons,treasury_settlement_soma,tbill_4w,tbill_13w,quarter_end,tax_date,days_to_month_end
2018-04-03,1.83,1.75,825,1.81,1.91,2113.321,318.858,0,0,0,0,1.7,1.75,0,0,27
2018-04-04,1.74,1.75,859,1.7,1.79,2094.045,303.916,0,0,0,0,1.68,1.71,0,0,26
2018-04-05,1.75,1.75,829,1.7,1.81,2094.045,303.916,145,145,0,0,1.66,1.72,0,0,25
2018-04-06,1.75,1.75,845,1.7,1.8,2094.045,303.916,0,0,0,0,1.67,1.73,0,0,24
2018-04-09,1.75,1.75,833,1.7,1.8,2094.045,303.916,0,0,0,0,1.66,1.76,0,0,21
2018-04-10,1.75,1.75,811,1.7,1.8,2094.045,303.916,0,0,0,0,1.63,1.74,0,0,20
2018-04-11,1.76,1.75,811,1.7,1.8,2119.965,294.083,0,0,0,0,1.63,1.73,0,0,19
2018-04-12,1.73,1.75,871,1.68,1.77,2119.965,294.083,135,135,0,0,1.64,1.75,0,0,18
2018-04-13,1.72,1.75,776,1.68,1.77,2119.965,294.083,0,0,0,0,1.63,1.76,0,0,17
2018-04-16,1.77,1.75,770,1.7,1.82,2119.965,294.083,64,0,64,0.1097215,1.62,1.79,0,0,14
2018-04-17,1.76,1.75,729,1.7,1.81,2119.965,294.083,0,0,0,0,1.68,1.8,0,1,13
2018-04-18,1.75,1.75,738,1.69,1.8,2141.39,275.246,0,0,0,0,1.66,1.81,0,1,12
2018-04-19,1.73,1.75,745,1.67,1.76,2141.39,275.246,135,135,0,0,1.66,1.82,0,1,11
2018-04-20,1.72,1.75,726,1.67,1.76,2141.39,275.246,0,0,0,0,1.64,1.81,0,0,10
2018-04-23,1.7,1.75,755,1.67,1.75,2141.39,275.246,0,0,0,0,1.66,1.87,0,0,7
2018-04-24,1.71,1.75,747,1.68,1.76,2141.39,275.246,0,0,0,0,1.7,1.87,0,0,6
2018-04-25,1.71,1.75,728,1.67,1.76,2052.59,359.599,0,0,0,0,1.64,1.85,0,0,5
2018-04-26,1.72,1.75,725,1.67,1.77,2052.59,359.599,161,161,0,0,1.61,1.82,0,0,4
2018-04-27,1.72,1.75,732,1.68,1.77,2052.59,359.599,0,0,0,0,1.6,1.81,0,0,3
2018-04-30,1.77,1.75,775,1.72,1.82,2052.59,359.599,129,0,129,16.4651465,1.62,1.87,0,0,0
2018-05-01,1.76,1.75,761,1.7,1.8,2052.59,359.599,0,0,0,0,1.68,1.85,0,0,30
2018-05-02,1.75,1.75,753,1.7,1.79,1994.584,399.984,0,0,0,0,1.69,1.84,0,0,29
2018-05-03,1.74,1.75,759,1.7,1.79,1994.584,399.984,135,135,0,0,1.67,1.83,0,0,28
2018-05-04,1.72,1.75,752,1.68,1.77,1994.584,399.984,0,0,0,0,1.65,1.83,0,0,27
2018-05-07,1.71,1.75,760,1.67,1.76,1994.584,399.984,0,0,0,0,1.66,1.86,0,0,24
2018-05-08,1.72,1.75,746,1.68,1.77,1994.584,399.984,0,0,0,0,1.69,1.87,0,0,23
2018-05-09,1.72,1.75,783,1.68,1.77,2025.75,353.741,0,0,0,0,1.68,1.88,0,0,22
2018-05-10,1.73,1.75,737,1.69,1.79,2025.75,353.741,135,135,0,0,1.67,1.89,0,0,21
2018-05-11,1.73,1.75,746,1.7,1.79,2025.75,353.741,0,0,0,0,1.65,1.91,0,0,20
2018-05-14,1.75,1.75,741,1.7,1.79,2025.75,353.741,0,0,0,0,1.66,1.94,0,0,17
2018-05-15,1.79,1.75,770,1.73,1.84,2025.75,353.741,73,0,73,17.5979614,1.69,1.93,0,0,16
2018-05-16,1.75,1.75,754,1.7,1.79,2036.27,337.258,0,0,0,0,1.69,1.92,0,0,15
2018-05-17,1.74,1.75,754,1.71,1.8,2036.27,337.258,135,135,0,0,1.69,1.92,0,0,14
2018-05-18,1.73,1.75,750,1.69,1.77,2036.27,337.258,0,0,0,0,1.66,1.9,0,0,13
2018-05-21,1.69,1.75,772,1.66,1.73,2036.27,337.258,0,0,0,0,1.67,1.94,0,0,10
2018-05-22,1.65,1.75,748,1.63,1.69,2036.27,337.258,0,0,0,0,1.73,1.94,0,0,9
2018-05-23,1.67,1.75,729,1.63,1.7,2021.946,326.445,0,0,0,0,1.76,1.92,0,0,8
2018-05-24,1.74,1.75,772,1.71,1.79,2021.946,326.445,161,161,0,0,1.73,1.9,0,0,7
2018-05-25,1.73,1.75,749,1.7,1.78,2021.946,326.445,16,0,16,0,1.68,1.89,0,0,6
2018-05-29,1.72,1.75,796,1.7,1.78,2021.946,326.445,0,0,0,0,1.77,1.94,0,0,2
2018-05-30,1.72,1.75,801,1.7,1.78,2019.681,325.351,0,0,0,0,1.77,1.94,0,0,1
2018-05-31,1.81,1.75,872,1.78,1.88,2019.681,325.351,240,130,110,19.1083005,1.76,1.93,0,0,0
2018-06-01,1.81,1.75,807,1.77,1.86,2019.681,325.351,0,0,0,0,1.73,1.91,0,0,29
2018-06-04,1.8,1.75,825,1.76,1.84,2019.681,325.351,0,0,0,0,1.75,1.95,0,0,26
2018-06-05,1.75,1.75,797,1.72,1.8,2019.681,325.351,0,0,0,0,1.82,1.95,0,0,25
2018-06-06,1.73,1.75,805,1.7,1.77,2029.579,294.069,0,0,0,0,1.81,1.95,0,0,24
2018-06-07,1.71,1.75,813,1.69,1.76,2029.579,294.069,125,125,0,0,1.78,1.94,0,0,23
2018-06-08,1.69,1.75,806,1.67,1.74,2029.579,294.069,0,0,0,0,1.78,1.93,0,0,22
2018-06-11,1.69,1.75,791,1.66,1.73,2029.579,294.069,0,0,0,0,1.81,1.95,0,0,19
2018-06-12,1.67,1.75,774,1.65,1.72,2029.579,294.069,0,0,0,0,1.81,1.93,0,0,18
2018-06-13,1.71,1.75,817,1.68,1.75,2057.269,281.188,0,0,0,0,1.82,1.94,0,0,17
2018-06-14,1.9,1.95,818,1.87,1.94,2057.269,281.188,125,125,0,0,1.81,1.94,0,0,16
2018-06-15,1.91,1.95,802,1.87,1.96,2057.269,281.188,68,0,68,0,1.82,1.94,0,1,15
2018-06-18,1.9,1.95,799,1.85,1.93,2057.269,281.188,0,0,0,0,1.83,1.95,0,1,12
2018-06-19,1.88,1.95,799,1.84,1.92,2057.269,281.188,0,0,0,0,1.85,1.95,0,1,11
2018-06-20,1.87,1.95,769,1.83,1.91,1971.983,352.777,0,0,0,0,1.85,1.94,0,0,10
2018-06-21,1.87,1.95,753,1.83,1.91,1971.983,352.777,151,151,0,0,1.85,1.94,0,0,9
2018-06-22,1.92,1.95,742,1.9,1.96,1971.983,352.777,0,0,0,0,1.83,1.93,0,0,8
2018-06-25,1.91,1.95,755,1.89,1.95,1971.983,352.777,0,0,0,0,1.79,1.94,0,0,5
2018-06-26,1.9,1.95,757,1.89,1.95,1971.983,352.777,0,0,0,0,1.79,1.94,0,0,4
2018-06-27,1.9,1.95,760,1.88,1.95,1940.847,373.94,0,0,0,0,1.79,1.93,0,0,3
2018-06-28,1.93,1.95,768,1.9,1.97,1940.847,373.94,125,125,0,0,1.76,1.93,0,0,2
2018-06-29,2.12,1.95,702,2.1,2.22,1940.847,373.94,21,0,21,0,1.76,1.93,1,0,1
2018-07-02,2.04,1.95,775,2.01,2.1,1940.847,373.94,100,0,100,12.4535348,1.9,1.99,0,0,29
2018-07-03,2,1.95,768,1.98,2.06,1940.847,373.94,0,0,0,0,1.91,1.98,0,0,28
2018-07-05,1.97,1.95,807,1.95,2.03,1917.987,336.026,125,125,0,0,1.87,1.96,0,0,26
2018-07-06,1.93,1.95,760,1.9,1.98,1917.987,336.026,0,0,0,0,1.85,1.97,0,0,25
2018-07-09,1.89,1.95,784,1.87,1.94,1917.987,336.026,0,0,0,0,1.86,1.99,0,0,22
2018-07-10,1.89,1.95,762,1.87,1.94,1917.987,336.026,0,0,0,0,1.88,1.99,0,0,21
2018-07-11,1.89,1.95,766,1.86,1.93,1958.085,326.476,0,0,0,0,1.89,1.97,0,0,20
2018-07-12,1.9,1.95,747,1.87,1.94,1958.085,326.476,125,125,0,0,1.89,1.98,0,0,19
2018-07-13,1.9,1.95,735,1.87,1.95,1958.085,326.476,0,0,0,0,1.87,1.98,0,0,18
2018-07-16,1.95,1.95,767,1.92,2,1958.085,326.476,69,0,69,0.2681891,1.89,2.02,0,0,15
2018-07-17,1.92,1.95,766,1.9,1.98,1958.085,326.476,0,0,0,0,1.93,2.02,0,0,14
2018-07-18,1.9,1.95,783,1.87,1.95,1967.119,324.457,0,0,0,0,1.9,2,0,0,13
2018-07-19,1.9,1.95,769,1.88,1.96,1967.119,324.457,167,167,0,0,1.89,2,0,0,12
2018-07-20,1.88,1.95,773,1.86,1.94,1967.119,324.457,0,0,0,0,1.85,1.99,0,0,11
2018-07-23,1.87,1.95,764,1.86,1.93,1967.119,324.457,0,0,0,0,1.87,2,0,0,8
2018-07-24,1.9,1.95,775,1.89,1.95,1967.119,324.457,0,0,0,0,1.92,2.02,0,0,7
2018-07-25,1.87,1.95,753,1.86,1.93,1947.119,348.886,0,0,0,0,1.9,2.01,0,0,6
2018-07-26,1.9,1.95,784,1.89,1.96,1947.119,348.886,151,151,0,0,1.89,1.99,0,0,5
2018-07-27,1.88,1.95,774,1.87,1.94,1947.119,348.886,0,0,0,0,1.9,2,0,0,4
2018-07-30,1.88,1.95,768,1.86,1.93,1947.119,348.886,0,0,0,0,1.9,2.05,0,0,1
2018-07-31,1.93,1.95,799,1.91,1.98,1947.119,348.886,132,0,132,7.1677773,1.94,2.03,0,0,0
2018-08-01,1.88,1.95,786,1.86,1.93,1937.548,351.523,0,0,0,0,1.93,2.03,0,0,30
2018-08-02,1.91,1.95,781,1.9,1.96,1937.548,351.523,161,161,0,0,1.89,2.02,0,0,29
2018-08-03,1.86,1.95,763,1.83,1.91,1937.548,351.523,0,0,0,0,1.9,2.01,0,0,28
2018-08-06,1.86,1.95,763,1.84,1.92,1937.548,351.523,0,0,0,0,1.91,2.06,0,0,25
2018-08-07,1.87,1.95,732,1.86,1.93,1937.548,351.523,0,0,0,0,1.96,2.06,0,0,24
2018-08-08,1.88,1.95,738,1.87,1.94,1951.389,326.471,0,0,0,0,1.93,2.06,0,0,23
2018-08-09,1.91,1.95,761,1.9,1.97,1951.389,326.471,166,166,0,0,1.9,2.06,0,0,22
2018-08-10,1.9,1.95,735,1.87,1.95,1951.389,326.471,0,0,0,0,1.91,2.05,0,0,21
2018-08-13,1.91,1.95,733,1.89,1.96,1951.389,326.471,0,0,0,0,1.92,2.07,0,0,18
2018-08-14,1.93,1.95,729,1.91,1.98,1951.389,326.471,0,0,0,0,1.96,2.08,0,0,17
2018-08-15,1.98,1.95,807,1.97,2.04,1922.547,342.799,78,0,78,10.486283,1.96,2.07,0,0,16
2018-08-16,1.99,1.95,782,1.98,2.05,1922.547,342.799,192,192,0,0,1.95,2.07,0,0,15
2018-08-17,1.9,1.95,799,1.9,1.96,1922.547,342.799,0,0,0,0,1.95,2.05,0,0,14
2018-08-20,1.9,1.95,778,1.89,1.95,1922.547,342.799,0,0,0,0,1.92,2.07,0,0,11
2018-08-21,1.9,1.95,772,1.88,1.95,1922.547,342.799,0,0,0,0,1.94,2.08,0,0,10
2018-08-22,1.9,1.95,787,1.89,1.96,1883.254,348.393,0,0,0,0,1.95,2.09,0,0,9
2018-08-23,1.94,1.95,773,1.92,2,1883.254,348.393,166,166,0,0,1.93,2.08,0,0,8
2018-08-24,1.95,1.95,773,1.94,2.01,1883.254,348.393,0,0,0,0,1.94,2.09,0,0,7
2018-08-27,1.95,1.95,814,1.94,2.02,1883.254,348.393,0,0,0,0,1.94,2.12,0,0,4
2018-08-28,1.95,1.95,805,1.94,2.02,1883.254,348.393,0,0,0,0,1.96,2.13,0,0,3
2018-08-29,1.93,1.95,797,1.92,1.99,1883.924,342.543,0,0,0,0,1.96,2.13,0,0,2
2018-08-30,1.93,1.95,795,1.92,2,1883.924,342.543,161,161,0,0,1.96,2.11,0,0,1
2018-08-31,1.97,1.95,804,1.95,2.03,1883.924,342.543,135,0,135,9.5148794,1.94,2.11,0,0,0
2018-09-04,1.95,1.95,833,1.93,2.01,1883.924,342.543,0,0,0,0,2,2.13,0,0,26
2018-09-05,1.95,1.95,798,1.93,2,1895.01,323.764,0,0,0,0,2,2.14,0,0,25
2018-09-06,1.94,1.95,799,1.91,1.99,1895.01,323.764,145,145,0,0,1.97,2.13,0,0,24
2018-09-07,1.94,1.95,802,1.91,1.99,1895.01,323.764,0,0,0,0,1.97,2.14,0,0,23
2018-09-10,1.94,1.95,816,1.92,1.99,1895.01,323.764,0,0,0,0,1.96,2.15,0,0,20
2018-09-11,1.94,1.95,802,1.92,1.99,1895.01,323.764,0,0,0,0,2.02,2.15,0,0,19
2018-09-12,1.94,1.95,810,1.92,1.99,1920.976,303.654,0,0,0,0,2.01,2.16,0,0,18
2018-09-13,1.94,1.95,810,1.91,1.99,1920.976,303.654,161,161,0,0,2,2.15,0,0,17
2018-09-14,1.95,1.95,798,1.91,1.99,1920.976,303.654,0,0,0,0,2.01,2.16,0,0,16
2018-09-17,2,1.95,789,1.97,2.05,1920.976,303.654,73,0,73,0,2,2.17,0,1,13
2018-09-18,1.94,1.95,819,1.91,1.99,1920.976,303.654,0,0,0,0,2.05,2.17,0,1,12
2018-09-19,1.92,1.95,794,1.9,1.97,1879.896,335.878,0,0,0,0,2.03,2.16,0,1,11
2018-09-20,1.92,1.95,808,1.9,1.98,1879.896,335.878,130,130,0,0,2.02,2.17,0,0,10
2018-09-21,1.92,1.95,781,1.9,1.97,1879.896,335.878,0,0,0,0,2.04,2.18,0,0,9
2018-09-24,1.95,1.95,799,1.94,2.01,1879.896,335.878,0,0,0,0,2.05,2.22,0,0,6
2018-09-25,1.93,1.95,814,1.91,1.98,1879.896,335.878,0,0,0,0,2.12,2.21,0,0,5
2018-09-26,1.92,1.95,828,1.91,1.98,1832.5,370.031,0,0,0,0,2.11,2.2,0,0,4
2018-09-27,2.16,2.2,825,2.15,2.22,1832.5,370.031,130,130,0,0,2.1,2.18,0,0,3
2018-09-28,2.25,2.2,807,2.24,2.33,1832.5,370.031,28,0,28,0,2.12,2.19,1,0,2
2018-10-01,2.22,2.2,917,2.2,2.28,1832.5,370.031,106,0,106,0,2.12,2.23,0,0,30
2018-10-02,2.2,2.2,861,2.19,2.27,1832.5,370.031,0,0,0,0,2.14,2.23,0,0,29
2018-10-03,2.2,2.2,855,2.18,2.26,1801.576,368.007,0,0,0,0,2.15,2.23,0,0,28
2018-10-04,2.18,2.2,816,2.17,2.24,1801.576,368.007,130,130,0,0,2.16,2.22,0,0,27
2018-10-05,2.16,2.2,873,2.14,2.22,1801.576,368.007,0,0,0,0,2.15,2.22,0,0,26
2018-10-09,2.15,2.2,855,2.13,2.21,1801.576,368.007,0,0,0,0,2.17,2.25,0,0,22
2018-10-10,2.15,2.2,839,2.14,2.22,1865.065,324.721,0,0,0,0,2.17,2.27,0,0,21
2018-10-11,2.17,2.2,838,2.16,2.24,1865.065,324.721,156,156,0,0.026,2.13,2.26,0,0,20
2018-10-12,2.18,2.2,852,2.16,2.25,1865.065,324.721,0,0,0,0,2.13,2.27,0,0,19
2018-10-15,2.21,2.2,837,2.19,2.27,1865.065,324.721,74,0,74,0,2.15,2.31,0,0,16
2018-10-16,2.18,2.2,816,2.17,2.25,1865.065,324.721,0,0,0,0,2.19,2.3,0,0,15
2018-10-17,2.18,2.2,771,2.17,2.25,1853.533,332.923,0,0,0,0,2.2,2.31,0,0,14
2018-10-18,2.19,2.2,810,2.18,2.26,1853.533,332.923,149,149,0,0,2.19,2.31,0,0,13
2018-10-19,2.19,2.2,785,2.17,2.25,1853.533,332.923,0,0,0,0,2.18,2.3,0,0,12
2018-10-22,2.18,2.2,791,2.17,2.24,1853.533,332.923,0,0,0,0,2.17,2.35,0,0,9
2018-10-23,2.17,2.2,779,2.15,2.23,1853.533,332.923,0,0,0,0,2.21,2.34,0,0,8
2018-10-24,2.18,2.2,828,2.16,2.24,1817.608,369.576,0,0,0,0,2.2,2.34,0,0,7
2018-10-25,2.19,2.2,822,2.17,2.25,1817.608,369.576,149,149,0,0,2.19,2.34,0,0,6
2018-10-26,2.19,2.2,779,2.17,2.25,1817.608,369.576,0,0,0,0,2.16,2.32,0,0,5
2018-10-29,2.18,2.2,806,2.17,2.24,1817.608,369.576,0,0,0,0,2.17,2.35,0,0,2
2018-10-30,2.18,2.2,788,2.17,2.24,1817.608,369.576,0,0,0,0,2.2,2.34,0,0,1
2018-10-31,2.22,2.2,849,2.19,2.28,1802.252,373.368,132,0,132,0,2.19,2.34,0,0,0
2018-11-01,2.22,2.2,835,2.2,2.29,1802.252,373.368,154,154,0,0,2.2,2.31,0,0,29
2018-11-02,2.25,2.2,853,2.24,2.32,1802.252,373.368,0,0,0,0,2.18,2.32,0,0,28
2018-11-05,2.24,2.2,842,2.23,2.3,1802.252,373.368,0,0,0,0,2.18,2.37,0,0,25
2018-11-06,2.22,2.2,802,2.22,2.28,1802.252,373.368,0,0,0,0,2.23,2.36,0,0,24
2018-11-07,2.18,2.2,823,2.16,2.23,1826.131,319.984,0,0,0,0,2.22,2.37,0,0,23
2018-11-08,2.21,2.2,819,2.2,2.27,1826.131,319.984,190,190,0,0,2.2,2.35,0,0,22
2018-11-09,2.2,2.2,836,2.19,2.26,1826.131,319.984,0,0,0,0,2.19,2.36,0,0,21
2018-11-13,2.2,2.2,817,2.17,2.25,1826.131,319.984,0,0,0,0,2.23,2.39,0,0,17
2018-11-14,2.2,2.2,803,2.17,2.25,1801.383,341.094,0,0,0,0,2.22,2.38,0,0,16
2018-11-15,2.28,2.2,846,2.26,2.34,1801.383,341.094,247,164,83,16.9262542,2.17,2.37,0,0,15
2018-11-16,2.26,2.2,828,2.25,2.32,1801.383,341.094,0,0,0,0,2.18,2.36,0,0,14
2018-11-19,2.24,2.2,863,2.22,2.29,1801.383,341.094,0,0,0,0,2.19,2.39,0,0,11
2018-11-20,2.2,2.2,845,2.18,2.26,1801.383,341.094,0,0,0,0,2.22,2.39,0,0,10
2018-11-21,2.18,2.2,819,2.17,2.24,1757.729,330.202,0,0,0,0,2.23,2.41,0,0,9
2018-11-23,2.23,2.2,820,2.22,2.3,1757.729,330.202,158,158,0,0,2.22,2.41,0,0,7
2018-11-26,2.2,2.2,862,2.18,2.26,1757.729,330.202,0,0,0,0,2.19,2.42,0,0,4
2018-11-27,2.19,2.2,843,2.17,2.25,1757.729,330.202,0,0,0,0,2.31,2.41,0,0,3
2018-11-28,2.19,2.2,850,2.19,2.26,1738.659,340.596,0,0,0,0,2.31,2.4,0,0,2
2018-11-29,2.24,2.2,850,2.23,2.31,1738.659,340.596,155,155,0,0,2.31,2.37,0,0,1
2018-11-30,2.28,2.2,919,2.27,2.36,1738.659,340.596,140,0,140,12.2940816,2.3,2.37,0,0,0
2018-12-03,2.23,2.2,912,2.22,2.3,1738.659,340.596,0,0,0,0,2.28,2.39,0,0,28
2018-12-04,2.27,2.2,892,2.23,2.32,1738.659,340.596,0,0,0,0,2.37,2.43,0,0,27
2018-12-06,2.34,2.2,963,2.31,2.4,1738.141,337.564,171,171,0,0,2.36,2.41,0,0,25
2018-12-07,2.3,2.2,912,2.28,2.36,1738.141,337.564,0,0,0,0,2.32,2.4,0,0,24
2018-12-10,2.22,2.2,903,2.2,2.28,1738.141,337.564,0,0,0,0,2.32,2.42,0,0,21
2018-12-11,2.19,2.2,868,2.17,2.24,1738.141,337.564,70,70,0,0,2.27,2.42,0,0,20
2018-12-12,2.2,2.2,882,2.17,2.25,1735.539,334.967,0,0,0,0,2.28,2.44,0,0,19
2018-12-13,2.21,2.2,897,2.18,2.26,1735.539,334.967,75,75,0,0,2.36,2.43,0,0,18
2018-12-14,2.21,2.2,867,2.19,2.27,1735.539,334.967,0,0,0,0,2.36,2.42,0,0,17
2018-12-17,2.31,2.2,935,2.28,2.37,1735.539,334.967,78,0,78,0,2.36,2.41,0,1,14
2018-12-18,2.32,2.2,920,2.3,2.39,1735.539,334.967,70,70,0,0,2.34,2.39,0,1,13
2018-12-19,2.3,2.2,910,2.29,2.37,1699.138,350.714,0,0,0,0,2.34,2.4,0,1,12
2018-12-20,2.41,2.4,963,2.4,2.48,1699.138,350.714,75,75,0,0,2.42,2.39,0,0,11
2018-12-21,2.4,2.4,927,2.39,2.47,1699.138,350.714,0,0,0,0,2.41,2.39,0,0,10
2018-12-24,2.41,2.4,881,2.41,2.49,1699.138,350.714,0,0,0,0,2.42,2.46,0,0,7
2018-12-26,2.44,2.4,957,2.43,2.52,1661.223,374.085,70,70,0,0,2.41,2.44,0,0,5
2018-12-27,2.44,2.4,943,2.43,2.52,1661.223,374.085,75,75,0,0,2.43,2.41,0,0,4
2018-12-28,2.46,2.4,927,2.45,2.54,1661.223,374.085,18,0,18,0,2.39,2.4,0,0,3
2018-12-31,3,2.4,1000,2.95,3.2,1661.223,374.085,127,0,127,0,2.44,2.45,1,0,0
2019-01-02,3.15,2.4,1092,3.1,3.29,1621.856,379.902,70,70,0,0,2.4,2.42,0,0,29
2019-01-03,2.7,2.4,1063,2.7,2.78,1621.856,379.902,101,101,0,0,2.42,2.41,0,0,28
2019-01-04,2.45,2.4,1041,2.43,2.51,1621.856,379.902,0,0,0,0,2.4,2.42,0,0,27
2019-01-07,2.41,2.4,1052,2.39,2.47,1621.856,379.902,0,0,0,0,2.42,2.46,0,0,24
2019-01-08,2.42,2.4,1070,2.4,2.5,1621.856,379.902,70,70,0,0,2.4,2.46,0,0,23
2019-01-09,2.45,2.4,1032,2.44,2.52,1650.387,356.698,0,0,0,0,2.4,2.45,0,0,22
2019-01-10,2.43,2.4,1026,2.41,2.49,1650.387,356.698,75,75,0,0,2.42,2.43,0,0,21
2019-01-11,2.41,2.4,973,2.38,2.46,1650.387,356.698,0,0,0,0,2.41,2.43,0,0,20
2019-01-14,2.4,2.4,977,2.38,2.46,1650.387,356.698,0,0,0,0,2.42,2.45,0,0,17
2019-01-15,2.46,2.4,991,2.41,2.5,1650.387,356.698,148,70,78,0,2.41,2.45,0,0,16
2019-01-16,2.43,2.4,988,2.37,2.46,1664.138,351.18,0,0,0,0,2.41,2.43,0,0,15
2019-01-17,2.41,2.4,969,2.37,2.46,1664.138,351.18,75,75,0,0,2.41,2.42,0,0,14
2019-01-18,2.42,2.4,974,2.37,2.46,1664.138,351.18,0,0,0,0,2.4,2.41,0,0,13
2019-01-22,2.41,2.4,967,2.37,2.46,1664.138,351.18,70,70,0,0,2.38,2.43,0,0,9
2019-01-23,2.4,2.4,956,2.38,2.46,1621.876,389.626,0,0,0,0,2.37,2.41,0,0,8
2019-01-24,2.41,2.4,994,2.4,2.48,1621.876,389.626,81,81,0,0,2.38,2.37,0,0,7
2019-01-25,2.4,2.4,915,2.38,2.46,1621.876,389.626,0,0,0,0,2.36,2.39,0,0,6
2019-01-28,2.39,2.4,981,2.37,2.45,1621.876,389.626,0,0,0,0,2.39,2.42,0,0,3
2019-01-29,2.4,2.4,934,2.37,2.45,1621.876,389.626,80,80,0,0,2.39,2.42,0,0,2
2019-01-30,2.39,2.4,948,2.36,2.45,1617.539,403.276,0,0,0,0,2.4,2.42,0,0,1
2019-01-31,2.58,2.4,1048,2.55,2.65,1617.539,403.276,253,107,146,0,2.42,2.41,0,0,0
2019-02-01,2.47,2.4,993,2.44,2.52,1617.539,403.276,0,0,0,0,2.41,2.4,0,0,27
2019-02-04,2.4,2.4,964,2.38,2.47,1617.539,403.276,0,0,0,0,2.41,2.42,0,0,24
2019-02-05,2.4,2.4,932,2.37,2.45,1617.539,403.276,85,85,0,0,2.39,2.42,0,0,23
2019-02-06,2.38,2.4,942,2.35,2.44,1648.553,352.375,0,0,0,0,2.4,2.42,0,0,22
2019-02-07,2.38,2.4,918,2.36,2.45,1648.553,352.375,84,84,0,0,2.43,2.42,0,0,21
2019-02-08,2.37,2.4,912,2.35,2.44,1648.553,352.375,0,0,0,0,2.43,2.43,0,0,20
2019-02-11,2.4,2.4,984,2.4,2.48,1648.553,352.375,50,50,0,0,2.44,2.45,0,0,17
2019-02-12,2.39,2.4,920,2.36,2.44,1648.553,352.375,85,85,0,0,2.42,2.43,0,0,16
2019-02-13,2.38,2.4,928,2.36,2.44,1649.973,359.109,0,0,0,0,2.42,2.44,0,0,15
2019-02-14,2.39,2.4,862,2.36,2.45,1649.973,359.109,84,84,0,0,2.45,2.43,0,0,14
2019-02-15,2.43,2.4,913,2.41,2.49,1649.973,359.109,84,0,84,20.2290504,2.43,2.43,0,0,13
2019-02-19,2.4,2.4,941,2.37,2.46,1649.973,359.109,85,85,0,0,2.44,2.46,0,0,9
2019-02-20,2.39,2.4,913,2.37,2.46,1632.58,333.896,0,0,0,0,2.41,2.45,0,0,8
2019-02-21,2.39,2.4,886,2.37,2.45,1632.58,333.896,84,84,0,0,2.43,2.45,0,0,7
2019-02-22,2.4,2.4,894,2.37,2.45,1632.58,333.896,18,0,18,0,2.43,2.46,0,0,6
2019-02-25,2.38,2.4,938,2.37,2.45,1632.58,333.896,0,0,0,0,2.44,2.47,0,0,3
2019-02-26,2.38,2.4,919,2.37,2.45,1632.58,333.896,85,85,0,0,2.43,2.45,0,0,2
2019-02-27,2.37,2.4,898,2.37,2.44,1640.75,310.574,0,0,0,0,2.43,2.45,0,0,1
2019-02-28,2.58,2.4,1003,2.55,2.64,1640.75,310.574,234,113,121,5.8232172,2.44,2.45,0,0,0
2019-03-01,2.38,2.4,1007,2.36,2.45,1640.75,310.574,23,23,0,0,2.44,2.44,0,0,30
2019-03-04,2.38,2.4,965,2.36,2.45,1640.75,310.574,0,0,0,0,2.44,2.47,0,0,27
2019-03-05,2.38,2.4,956,2.36,2.44,1640.75,310.574,95,95,0,0,2.43,2.47,0,0,26
2019-03-06,2.38,2.4,977,2.36,2.44,1721.614,220.045,0,0,0,0,2.42,2.47,0,0,25
2019-03-07,2.38,2.4,972,2.37,2.46,1721.614,220.045,117,117,0,0,2.45,2.45,0,0,24
2019-03-08,2.39,2.4,954,2.36,2.44,1721.614,220.045,0,0,0,0,2.45,2.46,0,0,23
2019-03-11,2.38,2.4,949,2.36,2.45,1721.614,220.045,0,0,0,0,2.44,2.47,0,0,20
2019-03-12,2.39,2.4,916,2.37,2.46,1721.614,220.045,95,95,0,0,2.43,2.47,0,0,19
2019-03-13,2.4,2.4,925,2.38,2.46,1703.948,245.972,0,0,0,0,2.43,2.45,0,0,18
2019-03-14,2.42,2.4,879,2.39,2.47,1703.948,245.972,87,87,0,0,2.48,2.45,0,0,17
2019-03-15,2.46,2.4,940,2.43,2.52,1703.948,245.972,78,0,78,0,2.46,2.45,0,0,16
2019-03-18,2.41,2.4,942,2.38,2.47,1703.948,245.972,0,0,0,0,2.48,2.44,0,0,13
2019-03-19,2.42,2.4,945,2.4,2.5,1703.948,245.972,95,95,0,0,2.45,2.47,0,0,12
2019-03-20,2.47,2.4,928,2.46,2.54,1629.731,303.623,0,0,0,0,2.45,2.48,0,0,11
2019-03-21,2.44,2.4,921,2.42,2.51,1629.731,303.623,87,87,0,0,2.51,2.49,0,0,10
2019-03-22,2.4,2.4,889,2.38,2.46,1629.731,303.623,0,0,0,0,2.49,2.46,0,0,9
2019-03-25,2.4,2.4,919,2.37,2.45,1629.731,303.623,0,0,0,0,2.46,2.47,0,0,6
2019-03-26,2.4,2.4,901,2.37,2.46,1629.731,303.623,95,95,0,0,2.46,2.47,0,0,5
2019-03-27,2.4,2.4,879,2.38,2.46,1622.282,310.868,0,0,0,0,2.45,2.44,0,0,4
2019-03-28,2.43,2.4,898,2.42,2.5,1622.282,310.868,113,113,0,0,2.44,2.43,0,0,3
2019-03-29,2.65,2.4,897,2.56,3.18,1622.282,310.868,29,0,29,0,2.43,2.4,1,0,2
2019-04-01,2.46,2.4,978,2.41,2.51,1622.282,310.868,113,0,113,0,2.42,2.43,0,0,29
2019-04-02,2.46,2.4,978,2.43,2.53,1622.282,310.868,85,85,0,0,2.43,2.42,0,0,28
2019-04-03,2.47,2.4,987,2.43,2.52,1600.398,310.188,0,0,0,0,2.42,2.44,0,0,27
2019-04-04,2.46,2.4,1000,2.43,2.52,1600.398,310.188,84,84,0,0,2.43,2.44,0,0,26
2019-04-05,2.46,2.4,976,2.43,2.53,1600.398,310.188,0,0,0,0,2.42,2.44,0,0,25
2019-04-08,2.46,2.4,949,2.43,2.52,1600.398,310.188,0,0,0,0,2.43,2.43,0,0,22
2019-04-09,2.45,2.4,970,2.42,2.51,1600.398,310.188,85,85,0,0,2.42,2.42,0,0,21
2019-04-10,2.45,2.4,945,2.42,2.51,1634.591,262.617,0,0,0,0,2.4,2.43,0,0,20
2019-04-11,2.44,2.4,974,2.4,2.49,1634.591,262.617,78,78,0,0,2.42,2.43,0,0,19
2019-04-12,2.44,2.4,955,2.4,2.49,1634.591,262.617,0,0,0,0,2.41,2.44,0,0,18
2019-04-15,2.47,2.4,968,2.43,2.52,1634.591,262.617,78,0,78,0.0108378,2.42,2.43,0,1,15
2019-04-16,2.47,2.4,961,2.43,2.53,1634.591,262.617,85,85,0,0,2.43,2.43,0,0,14
2019-04-17,2.5,2.4,954,2.47,2.57,1604.479,285.264,0,0,0,0,2.42,2.44,0,1,13
2019-04-18,2.5,2.4,979,2.46,2.55,1604.479,285.264,78,78,0,0,2.44,2.42,0,1,12
2019-04-22,2.46,2.4,978,2.43,2.52,1604.479,285.264,0,0,0,0,2.44,2.44,0,0,8
2019-04-23,2.46,2.4,969,2.45,2.53,1604.479,285.264,85,85,0,0,2.43,2.45,0,0,7
2019-04-24,2.44,2.4,1018,2.41,2.49,1505.43,378.602,0,0,0,0,2.42,2.44,0,0,6
2019-04-25,2.45,2.4,962,2.41,2.5,1505.43,378.602,104,104,0,0,2.43,2.43,0,0,5
2019-04-26,2.46,2.4,982,2.45,2.53,1505.43,378.602,0,0,0,0,2.42,2.42,0,0,4
2019-04-29,2.48,2.4,968,2.46,2.55,1505.43,378.602,0,0,0,0,2.45,2.44,0,0,1
2019-04-30,2.76,2.4,1084,2.75,2.87,1505.43,378.602,235,85,150,1.9150735,2.42,2.43,0,0,0
2019-05-01,2.54,2.4,1074,2.5,2.6,1461.419,400.498,0,0,0,0,2.42,2.43,0,0,30
2019-05-02,2.5,2.35,1053,2.46,2.57,1461.419,400.498,75,75,0,0,2.44,2.47,0,0,29
2019-05-03,2.43,2.35,1076,2.41,2.5,1461.419,400.498,0,0,0,0,2.42,2.43,0,0,28
2019-05-06,2.42,2.35,1021,2.4,2.48,1461.419,400.498,0,0,0,0,2.43,2.44,0,0,25
2019-05-07,2.44,2.35,1069,2.41,2.5,1461.419,400.498,105,105,0,0,2.43,2.43,0,0,24
2019-05-08,2.43,2.35,1034,2.4,2.48,1484.975,348.357,0,0,0,0,2.42,2.43,0,0,23
2019-05-09,2.41,2.35,1011,2.38,2.46,1484.975,348.357,75,75,0,0,2.43,2.43,0,0,22
2019-05-10,2.4,2.35,1034,2.37,2.44,1484.975,348.357,0,0,0,0,2.42,2.43,0,0,21
2019-05-13,2.38,2.35,1007,2.35,2.43,1484.975,348.357,0,0,0,0,2.41,2.41,0,0,18
2019-05-14,2.39,2.35,1012,2.36,2.45,1484.975,348.357,85,85,0,0,2.41,2.41,0,0,17
2019-05-15,2.48,2.35,1052,2.45,2.54,1509.867,323.786,84,0,84,28.6152405,2.4,2.42,0,0,16
2019-05-16,2.43,2.35,1030,2.4,2.49,1509.867,323.786,75,75,0,0,2.4,2.4,0,0,15
2019-05-17,2.42,2.35,1036,2.39,2.47,1509.867,323.786,0,0,0,0,2.39,2.39,0,0,14
2019-05-20,2.39,2.35,1038,2.36,2.44,1509.867,323.786,0,0,0,0,2.39,2.39,0,0,11
2019-05-21,2.38,2.35,1017,2.36,2.44,1509.867,323.786,85,85,0,0,2.37,2.39,0,0,10
2019-05-22,2.37,2.35,1037,2.34,2.43,1518.157,282.864,0,0,0,0,2.36,2.38,0,0,9
2019-05-23,2.37,2.35,1039,2.34,2.43,1518.157,282.864,98,98,0,0,2.38,2.37,0,0,8
2019-05-24,2.37,2.35,1038,2.34,2.43,1518.157,282.864,0,0,0,0,2.37,2.35,0,0,7
2019-05-28,2.41,2.35,1085,2.38,2.47,1518.157,282.864,80,80,0,0,2.35,2.37,0,0,3
2019-05-29,2.4,2.35,1099,2.39,2.47,1544.711,247.777,0,0,0,0,2.35,2.37,0,0,2
2019-05-30,2.4,2.35,1083,2.39,2.46,1544.711,247.777,72,72,0,0,2.37,2.38,0,0,1
2019-05-31,2.49,2.35,1136,,,1544.711,247.777,142,0,142,14.9168166,2.35,2.35,0,0,0
2019-06-03,2.4,2.35,1162,2.37,2.45,1544.711,247.777,0,0,0,0,2.36,2.35,0,0,27
2019-06-04,2.39,2.35,1110,2.36,2.45,1544.711,247.777,75,75,0,0,2.34,2.35,0,0,26
2019-06-05,2.4,2.35,1082,2.36,2.45,1537.089,223.638,0,0,0,0,2.3,2.35,0,0,25
2019-06-06,2.4,2.35,1031,2.37,2.46,1537.089,223.638,72,72,0,0,2.32,2.33,0,0,24
2019-06-07,2.39,2.35,1104,2.37,2.45,1537.089,223.638,0,0,0,0,2.3,2.28,0,0,23
2019-06-10,2.39,2.35,1112,2.37,2.45,1537.089,223.638,0,0,0,0,2.3,2.29,0,0,20
2019-06-11,2.38,2.35,1048,2.36,2.44,1537.089,223.638,75,75,0,0.005,2.27,2.27,0,0,19
2019-06-12,2.37,2.35,1099,2.36,2.43,1586.963,187.56,0,0,0,0,2.19,2.24,0,0,18
2019-06-13,2.35,2.35,1039,2.34,2.42,1586.963,187.56,72,72,0,0,2.24,2.19,0,0,17
2019-06-14,2.35,2.35,1047,2.32,2.39,1586.963,187.56,0,0,0,0,2.23,2.2,0,0,16
2019-06-17,2.41,2.35,1098,2.38,2.47,1586.963,187.56,78,0,78,0,2.22,2.23,0,1,13
2019-06-18,2.39,2.35,1059,2.36,2.44,1586.963,187.56,75,75,0,0,2.18,2.22,0,1,12
2019-06-19,2.36,2.35,1059,2.34,2.42,1567.955,198.398,0,0,0,0,2.14,2.18,0,1,11
2019-06-20,2.36,2.35,1067,2.33,2.41,1567.955,198.398,98,98,0,0,2.17,2.14,0,0,10
2019-06-21,2.37,2.35,1103,2.35,2.43,1567.955,198.398,0,0,0,0,2.16,2.12,0,0,9
2019-06-24,2.39,2.35,1092,2.38,2.46,1567.955,198.398,0,0,0,0,2.12,2.13,0,0,6
2019-06-25,2.41,2.35,1101,2.4,2.48,1567.955,198.398,75,75,0,0,2.11,2.12,0,0,5
2019-06-26,2.43,2.35,1099,2.43,2.5,1504.737,248.302,0.025,0,0.025,0,2.11,2.15,0,0,4
2019-06-27,2.42,2.35,1117,2.4,2.48,1504.737,248.302,72,72,0,0,2.19,2.14,0,0,3
2019-06-28,2.5,2.35,1113,2.5,2.65,1504.737,248.302,33,0,33,0,2.18,2.13,1,0,2
2019-07-01,2.42,2.35,1181,2.38,2.47,1504.737,248.302,113,0,113,6.462506,2.17,2.21,0,0,30
2019-07-02,2.51,2.35,1224,2.49,2.58,1504.737,248.302,75,75,0,0,2.22,2.2,0,0,29
2019-07-03,2.56,2.35,1213,2.55,2.65,1456.496,245.306,0,0,0,0,2.25,2.21,0,0,28
2019-07-05,2.59,2.35,1193,2.58,2.68,1456.496,245.306,72,72,0,0,2.26,2.23,0,0,26
2019-07-08,2.48,2.35,1211,2.46,2.54,1456.496,245.306,0,0,0,0,2.23,2.26,0,0,23
2019-07-09,2.45,2.35,1178,2.45,2.53,1456.496,245.306,75,75,0,0,2.22,2.26,0,0,22
2019-07-10,2.46,2.35,1139,2.45,2.52,1499.806,211.115,0,0,0,0,2.18,2.2,0,0,21
2019-07-11,2.41,2.35,1147,2.4,2.47,1499.806,211.115,72,72,0,0,2.17,2.17,0,0,20
2019-07-12,2.36,2.35,1138,2.34,2.42,1499.806,211.115,0,0,0,0,2.16,2.15,0,0,19
2019-07-15,2.46,2.35,1199,2.44,2.52,1499.806,211.115,78,0,78,0.6640759,2.17,2.16,0,0,16
2019-07-16,2.47,2.35,1102,2.44,2.53,1499.806,211.115,70,70,0,0,2.16,2.15,0,0,15
2019-07-17,2.47,2.35,1104,2.45,2.54,1515.664,197.005,0,0,0,0,2.13,2.14,0,0,14
2019-07-18,2.46,2.35,1114,2.44,2.52,1515.664,197.005,98,98,0,0,2.11,2.05,0,0,13
2019-07-19,2.41,2.35,1140,2.4,2.48,1515.664,197.005,0,0,0,0,2.11,2.06,0,0,12
2019-07-22,2.4,2.35,1123,2.38,2.47,1515.664,197.005,0,0,0,0,2.13,2.08,0,0,9
2019-07-23,2.4,2.35,1091,2.39,2.47,1515.664,197.005,70,70,0,0,2.11,2.06,0,0,8
2019-07-24,2.41,2.35,1139,2.4,2.48,1518.322,193.362,0,0,0,0,2.09,2.1,0,0,7
2019-07-25,2.42,2.35,1153,2.41,2.5,1518.322,193.362,72,72,0,0,2.16,2.11,0,0,6
2019-07-26,2.41,2.35,1142,2.4,2.48,1518.322,193.362,0,0,0,0,2.13,2.13,0,0,5
2019-07-29,2.4,2.35,1153,2.39,2.47,1518.322,193.362,0,0,0,0,2.12,2.12,0,0,2
2019-07-30,2.39,2.35,1158,2.38,2.46,1518.322,193.362,70,70,0,0,2.07,2.08,0,0,1
2019-07-31,2.55,2.35,1217,2.53,2.63,1534.523,163.763,147,0,147,5.8396377,2,2.08,0,0,0
2019-08-01,2.19,2.1,1183,2.19,2.27,1534.523,163.763,72,72,0,0,2.11,2.07,0,0,30
2019-08-02,2.19,2.1,1185,2.18,2.25,1534.523,163.763,35,35,0,0,2.11,2.06,0,0,29
2019-08-05,2.13,2.1,1253,2.12,2.2,1534.523,163.763,0,0,0,0,2.07,2.04,0,0,26
2019-08-06,2.11,2.1,1234,2.1,2.18,1534.523,163.763,70,70,0,0,2.05,2.05,0,0,25
2019-08-07,2.1,2.1,1196,2.09,2.16,1539.244,131.704,0,0,0,0,2.02,2.02,0,0,24
2019-08-08,2.09,2.1,1218,2.07,2.15,1539.244,131.704,78,78,0,0,2.09,2.02,0,0,23
2019-08-09,2.11,2.1,1186,2.1,2.18,1539.244,131.704,0,0,0,0,2.05,2,0,0,22
2019-08-12,2.12,2.1,1177,2.11,2.19,1539.244,131.704,0,0,0,0,2.09,2,0,0,19
2019-08-13,2.16,2.1,1183,2.16,2.24,1539.244,131.704,90,90,0,0,2.05,2,0,0,18
2019-08-14,2.13,2.1,1244,2.12,2.2,1550.406,129.957,0,0,0,0,1.99,1.96,0,0,17
2019-08-15,2.18,2.1,1218,2.18,2.26,1550.406,129.957,196,112,84,54.8144073,2.08,1.91,0,0,16
2019-08-16,2.13,2.1,1247,2.12,2.2,1550.406,129.957,0,0,0,0,2.05,1.87,0,0,15
2019-08-19,2.11,2.1,1241,2.1,2.17,1550.406,129.957,0,0,0,0,2.07,1.94,0,0,12
2019-08-20,2.13,2.1,1228,2.12,2.19,1550.406,129.957,95,95,0,0,2.07,1.94,0,0,11
2019-08-21,2.1,2.1,1188,2.08,2.16,1516.045,125.725,0,0,0,0,2.05,1.97,0,0,10
2019-08-22,2.09,2.1,1160,2.07,2.16,1516.045,125.725,87,87,0,0,2.1,2,0,0,9
2019-08-23,2.1,2.1,1130,2.07,2.16,1516.045,125.725,0,0,0,0,2.07,1.97,0,0,8
2019-08-26,2.1,2.1,1190,2.09,2.17,1516.045,125.725,0,0,0,0,2.1,2,0,0,5
2019-08-27,2.15,2.1,1197,2.14,2.22,1516.045,125.725,95,95,0,0,2.08,1.98,0,0,4
2019-08-28,2.12,2.1,1196,2.11,2.19,1498.68,145.957,0,0,0,0,2.07,1.99,0,0,3
2019-08-29,2.12,2.1,1196,2.11,2.19,1498.68,145.957,87,87,0,0,2.1,1.99,0,0,2
2019-08-30,2.16,2.1,1194,2.15,2.23,1498.68,145.957,25,0,25,0,2.1,1.99,0,0,1
2019-09-03,2.17,2.1,1281,2.15,2.25,1498.68,145.957,208,95,113,14.6736975,2.07,1.98,0,0,27
2019-09-04,2.21,2.1,1222,2.2,2.29,1487.555,148.74,0,0,0,0,2.05,1.97,0,0,26
2019-09-05,2.21,2.1,1197,2.2,2.28,1487.555,148.74,87,87,0,0,2.05,1.97,0,0,25
2019-09-06,2.15,2.1,1222,2.15,2.23,1487.555,148.74,0,0,0,0,2.05,1.96,0,0,24
2019-09-09,2.12,2.1,1243,2.11,2.19,1487.555,148.74,0,0,0,0,2.05,1.96,0,0,21
2019-09-10,2.14,2.1,1186,2.13,2.22,1487.555,148.74,95,95,0,0,2.05,1.95,0,0,20
2019-09-11,2.15,2.1,1179,2.14,2.23,1456.796,185.342,0,0,0,0,2.02,1.96,0,0,19
2019-09-12,2.2,2.1,1156,2.18,2.28,1456.796,185.342,115,115,0,0,1.99,1.95,0,0,18
2019-09-13,2.2,2.1,1134,2.19,2.27,1456.796,185.342,0,0,0,0,1.99,1.96,0,0,17
2019-09-16,2.43,2.1,1156,2.42,2.55,1456.796,185.342,78,0,78,0,2.09,1.99,0,1,14
2019-09-17,5.25,2.1,1177,5,5.85,1456.796,185.342,90,90,0,0.05,2.1,1.99,0,1,13
2019-09-18,2.55,2.1,1196,2.5,3,1394.122,250.226,0,0,0,0,1.94,1.95,0,1,12
2019-09-19,1.95,1.8,1137,1.92,2.05,1394.122,250.226,87,87,0,0,2.01,1.93,0,0,11
2019-09-20,1.86,1.8,1121,1.85,1.9,1394.122,250.226,0,0,0,0,1.95,1.91,0,0,10
2019-09-23,1.85,1.8,1140,1.82,1.91,1394.122,250.226,0,0,0,0,1.94,1.94,0,0,7
2019-09-24,1.96,1.8,1085,1.94,2.02,1394.122,250.226,85,85,0,0,1.9,1.92,0,0,6
2019-09-25,2.01,1.8,1080,2,2.1,1400.171,314.189,0,0,0,0,1.79,1.89,0,0,5
2019-09-26,1.85,1.8,1092,1.82,1.9,1400.171,314.189,87,87,0,0,1.91,1.83,0,0,4
2019-09-27,1.82,1.8,1084,1.8,1.88,1400.171,314.189,18,0,18,0,1.9,1.8,0,0,3
2019-09-30,2.35,1.8,1097,2.35,2.5,1400.171,314.189,125,0,125,12.9852319,1.91,1.88,1,0,0
2019-10-01,1.88,1.8,1183,1.84,1.96,1400.171,314.189,85,85,0,0,1.79,1.82,0,0,30
2019-10-02,1.85,1.8,1147,1.82,1.9,1469.2,335.171,0,0,0,0,1.75,1.79,0,0,29
2019-10-03,1.84,1.8,1120,1.81,1.89,1469.2,335.171,87,87,0,0,1.78,1.7,0,0,28
2019-10-04,1.82,1.8,1094,1.79,1.88,1469.2,335.171,0,0,0,0,1.73,1.71,0,0,27
2019-10-07,1.83,1.8,1070,1.8,1.89,1469.2,335.171,0,0,0,0,1.76,1.75,0,0,24
2019-10-08,1.85,1.8,1070,1.82,1.91,1469.2,335.171,85,85,0,0.1,1.68,1.72,0,0,23
2019-10-09,1.85,1.8,1061,1.82,1.9,1506.455,318.191,0,0,0,0,1.69,1.69,0,0,22
2019-10-10,1.85,1.8,1124,1.82,1.91,1506.455,318.191,115,115,0,0,1.74,1.68,0,0,21
2019-10-11,1.85,1.8,1024,1.82,1.9,1506.455,318.191,0,0,0,0,1.76,1.68,0,0,20
2019-10-15,2,1.8,1088,1.96,2.07,1506.455,318.191,168,90,78,0.0277778,1.74,1.67,0,0,16
2019-10-16,2.05,1.8,1086,2.02,2.11,1480.368,324.604,0,0,0,0,1.72,1.66,0,0,15
2019-10-17,1.95,1.8,1077,1.93,2.01,1480.368,324.604,87,87,0,0,1.74,1.66,0,0,14
2019-10-18,1.88,1.8,1120,1.85,1.95,1480.368,324.604,0,0,0,0,1.75,1.66,0,0,13
2019-10-21,1.86,1.8,1054,1.83,1.92,1480.368,324.604,0,0,0,0,1.76,1.67,0,0,10
2019-10-22,1.87,1.8,1079,1.85,1.94,1480.368,324.604,95,95,0,0,1.76,1.65,0,0,9
2019-10-23,1.87,1.8,1065,1.84,1.92,1449.043,377.985,0,0,0,0,1.75,1.65,0,0,8
2019-10-24,1.86,1.8,1086,1.85,1.93,1449.043,377.985,87,87,0,0,1.75,1.67,0,0,7
2019-10-25,1.84,1.8,1077,1.81,1.9,1449.043,377.985,0,0,0,0,1.73,1.66,0,0,6
2019-10-28,1.82,1.8,1089,1.8,1.88,1449.043,377.985,0,0,0,0,1.74,1.65,0,0,3
2019-10-29,1.81,1.8,1048,1.78,1.86,1449.043,377.985,95,95,0,0,1.66,1.63,0,0,2
2019-10-30,1.82,1.8,1099,1.8,1.88,1483.702,389.872,0,0,0,0,1.62,1.62,0,0,1
2019-10-31,1.76,1.55,1174,1.73,1.85,1483.702,389.872,237,87,150,15.6825616,1.59,1.54,0,0,0
2019-11-01,1.58,1.55,1118,1.55,1.63,1483.702,389.872,0,0,0,0,1.58,1.52,0,0,29
2019-11-04,1.56,1.55,1146,1.54,1.62,1483.702,389.872,0,0,0,0,1.58,1.53,0,0,26
2019-11-05,1.58,1.55,1062,1.55,1.63,1483.702,389.872,95,95,0,0.0529412,1.56,1.56,0,0,25
2019-11-06,1.57,1.55,1083,1.53,1.61,1523.939,377.029,0,0,0,0,1.55,1.56,0,0,24
2019-11-07,1.56,1.55,1066,1.53,1.62,1523.939,377.029,115,115,0,0,1.57,1.56,0,0,23
2019-11-08,1.56,1.55,1016,1.53,1.61,1523.939,377.029,0,0,0,0,1.56,1.55,0,0,22
2019-11-12,1.57,1.55,1064,1.54,1.63,1523.939,377.029,95,95,0,0.0376544,1.56,1.59,0,0,18
2019-11-13,1.57,1.55,1018,1.54,1.63,1532.316,381.955,0,0,0,0,1.56,1.57,0,0,17
2019-11-14,1.58,1.55,1027,1.55,1.64,1532.316,381.955,87,87,0,2.01,1.59,1.57,0,0,16
2019-11-15,1.59,1.55,1049,1.55,1.63,1532.316,381.955,84,0,84,39.7747128,1.59,1.57,0,0,15
2019-11-18,1.56,1.55,1012,1.52,1.61,1532.316,381.955,0,0,0,0,1.59,1.57,0,0,12
2019-11-19,1.57,1.55,1008,1.53,1.63,1532.316,381.955,95,95,0,0,1.58,1.57,0,0,11
2019-11-20,1.57,1.55,1001,1.54,1.63,1518.759,368.813,0,0,0,0,1.57,1.57,0,0,10
2019-11-21,1.58,1.55,993,1.55,1.64,1518.759,368.813,87,87,0,0,1.57,1.58,0,0,9
2019-11-22,1.58,1.55,1028,1.56,1.64,1518.759,368.813,0,0,0,0,1.58,1.58,0,0,8
2019-11-25,1.56,1.55,994,1.54,1.62,1518.759,368.813,0,0,0,0,1.6,1.61,0,0,5
2019-11-26,1.54,1.55,1056,1.51,1.59,1518.759,368.813,105,105,0,0.02,1.63,1.6,0,0,4
2019-11-27,1.55,1.55,1011,1.5,1.59,1526.697,360.941,0,0,0,0,1.65,1.62,0,0,3
2019-11-29,1.65,1.55,1004,1.63,1.7,1526.697,360.941,114,84,30,0.005,1.62,1.59,0,0,1
2019-12-02,1.63,1.55,1104,1.6,1.68,1526.697,360.941,113,0,113,8.9708803,1.61,1.6,0,0,29
2019-12-03,1.55,1.55,1050,1.51,1.59,1526.697,360.941,80,80,0,1.037709,1.57,1.57,0,0,28
2019-12-04,1.54,1.55,1046,1.5,1.59,1573.261,346.971,0,0,0,0,1.61,1.55,0,0,27
2019-12-05,1.55,1.55,1017,1.52,1.6,1573.261,346.971,104,104,0,0,1.52,1.54,0,0,26
2019-12-06,1.55,1.55,1017,1.52,1.6,1573.261,346.971,0,0,0,0,1.52,1.53,0,0,25
2019-12-09,1.56,1.55,1042,1.53,1.61,1573.261,346.971,0.025,0,0.025,0,1.54,1.54,0,0,22
2019-12-10,1.55,1.55,1049,1.51,1.59,1573.261,346.971,75,75,0,0.1891456,1.53,1.56,0,0,21
2019-12-11,1.54,1.55,1056,1.5,1.58,1638.657,326.865,0,0,0,0,1.54,1.57,0,0,20
2019-12-12,1.53,1.55,1039,1.5,1.57,1638.657,326.865,78,78,0,0,1.57,1.56,0,0,19
2019-12-13,1.54,1.55,1017,1.5,1.58,1638.657,326.865,0,0,0,0,1.55,1.57,0,0,18
2019-12-16,1.62,1.55,1025,1.6,1.67,1638.657,326.865,78,0,78,0,1.57,1.57,0,1,15
2019-12-17,1.54,1.55,1014,1.5,1.59,1638.657,326.865,75,75,0,8.108,1.56,1.56,0,1,14
2019-12-18,1.53,1.55,1057,1.5,1.58,1660.249,332.592,0,0,0,0,1.56,1.56,0,1,13
2019-12-19,1.53,1.55,988,1.5,1.58,1660.249,332.592,78,78,0,0.075,1.54,1.57,0,0,12
2019-12-20,1.53,1.55,967,1.49,1.57,1660.249,332.592,0,0,0,0,1.57,1.58,0,0,11
2019-12-23,1.52,1.55,1027,1.5,1.57,1660.249,332.592,0,0,0,0,1.57,1.59,0,0,8
2019-12-24,1.52,1.55,1006,1.5,1.57,1660.249,332.592,70,70,0,4.0001112,1.55,1.58,0,0,7
2019-12-26,1.52,1.55,1000,1.5,1.57,1651.927,367.82,78,78,0,1.44,1.59,1.58,0,0,5
2019-12-27,1.53,1.55,1038,1.5,1.58,1651.927,367.82,18,0,18,0,1.56,1.57,0,0,4
2019-12-30,1.54,1.55,1036,1.52,1.6,1651.927,367.82,0,0,0,0,1.51,1.57,0,0,1
2019-12-31,1.55,1.55,1010,1.55,1.66,1651.927,367.82,198,70,128,16.6627954,1.48,1.55,1,0,0
2020-01-02,1.54,1.55,1123,1.5,1.6,1615.846,382.553,104,104,0,0.001,1.53,1.54,0,0,29
2020-01-03,1.55,1.55,1030,1.52,1.6,1615.846,382.553,0,0,0,0,1.52,1.52,0,0,28
2020-01-06,1.55,1.55,1034,1.53,1.6,1615.846,382.553,0,0,0,0,1.54,1.56,0,0,25
2020-01-07,1.56,1.55,1028,1.53,1.61,1615.846,382.553,70,70,0,0.2667321,1.52,1.54,0,0,24
2020-01-08,1.55,1.55,1007,1.52,1.59,1654.086,367.002,0,0,0,0,1.5,1.54,0,0,23
2020-01-09,1.55,1.55,1011,1.52,1.59,1654.086,367.002,78,78,0,1.172,1.53,1.54,0,0,22
2020-01-10,1.55,1.55,1013,1.52,1.59,1654.086,367.002,0,0,0,0,1.52,1.54,0,0,21
2020-01-13,1.54,1.55,1021,1.52,1.58,1654.086,367.002,0,0,0,0,1.54,1.57,0,0,18
2020-01-14,1.55,1.55,1009,1.52,1.59,1654.086,367.002,70,70,0,4.3242667,1.53,1.57,0,0,17
2020-01-15,1.56,1.55,1022,1.53,1.6,1686.801,350.987,78,0,78,2.495713,1.53,1.57,0,0,16
2020-01-16,1.55,1.55,1069,1.52,1.58,1686.801,350.987,78,78,0,5.507,1.54,1.55,0,0,15
2020-01-17,1.54,1.55,1043,1.52,1.58,1686.801,350.987,0,0,0,0,1.54,1.56,0,0,14
2020-01-21,1.54,1.55,1067,1.52,1.57,1686.801,350.987,70,70,0,3.2589444,1.52,1.56,0,0,10
2020-01-22,1.54,1.55,1085,1.51,1.57,1621.689,403.941,0,0,0,0,1.52,1.55,0,0,9
2020-01-23,1.54,1.55,1051,1.51,1.57,1621.689,403.941,78,78,0,1.513,1.55,1.55,0,0,8
2020-01-24,1.53,1.55,1070,1.51,1.57,1621.689,403.941,0,0,0,0,1.54,1.54,0,0,7
2020-01-27,1.53,1.55,1051,1.51,1.57,1621.689,403.941,0,0,0,0,1.53,1.55,0,0,4
2020-01-28,1.53,1.55,1074,1.51,1.57,1621.689,403.941,80,80,0,3.0619988,1.53,1.57,0,0,3
2020-01-29,1.53,1.55,1082,1.51,1.57,1616.342,432.061,0,0,0,0,1.52,1.56,0,0,2
2020-01-30,1.58,1.6,1072,1.55,1.62,1616.342,432.061,110,110,0,1.526,1.59,1.57,0,0,1
2020-01-31,1.6,1.6,1149,1.57,1.65,1616.342,432.061,147,0,147,15.1791206,1.56,1.55,0,0,0
2020-02-03,1.59,1.6,1134,1.57,1.64,1616.342,432.061,0,0,0,0,1.56,1.57,0,0,26
2020-02-04,1.6,1.6,1161,1.58,1.65,1616.342,432.061,90,90,0,1.158634,1.55,1.57,0,0,25
2020-02-05,1.59,1.6,1168,1.57,1.64,1645.016,413.322,0,0,0,0,1.55,1.57,0,0,24
2020-02-06,1.59,1.6,1105,1.57,1.64,1645.016,413.322,84,84,0,1.22,1.59,1.57,0,0,23
2020-02-07,1.58,1.6,1111,1.56,1.63,1645.016,413.322,0,0,0,0,1.57,1.56,0,0,22
2020-02-10,1.58,1.6,1111,1.56,1.62,1645.016,413.322,0,0,0,0,1.58,1.58,0,0,19
2020-02-11,1.58,1.6,1114,1.56,1.62,1645.016,413.322,95,95,0,6.7688667,1.57,1.57,0,0,18
2020-02-12,1.57,1.6,1124,1.55,1.62,1675.566,411.237,0,0,0,0,1.57,1.58,0,0,17
2020-02-13,1.57,1.6,1114,1.56,1.62,1675.566,411.237,114,114,0,2.4136552,1.59,1.59,0,0,16
2020-02-14,1.58,1.6,1086,1.56,1.63,1675.566,411.237,0,0,0,0,1.6,1.58,0,0,15
2020-02-18,1.6,1.6,1163,1.58,1.65,1675.566,411.237,179,95,84,41.648847,1.61,1.58,0,0,11
2020-02-19,1.59,1.6,1128,1.57,1.64,1654.118,428.805,0,0,0,0,1.61,1.58,0,0,10
2020-02-20,1.6,1.6,1112,1.59,1.65,1654.118,428.805,124,124,0,1.313,1.61,1.58,0,0,9
2020-02-21,1.58,1.6,1099,1.56,1.62,1654.118,428.805,0,0,0,0,1.6,1.56,0,0,8
2020-02-24,1.58,1.6,1106,1.56,1.62,1654.118,428.805,0,0,0,0,1.6,1.53,0,0,5
2020-02-25,1.59,1.6,1122,1.57,1.63,1654.118,428.805,95,95,0,4.4730006,1.59,1.53,0,0,4
2020-02-26,1.58,1.6,1120,1.57,1.63,1626.469,439.365,0,0,0,0,1.59,1.53,0,0,3
2020-02-27,1.58,1.6,1106,1.57,1.63,1626.469,439.365,110,110,0,2.3336786,1.56,1.45,0,0,2
2020-02-28,1.6,1.6,1156,1.59,1.65,1626.469,439.365,26,0,26,0,1.45,1.27,0,0,1
2020-03-02,1.59,1.6,1291,1.57,1.64,1626.469,439.365,113,0,113,17.078258,1.42,1.12,0,0,29
2020-03-03,1.64,1.6,1238,1.63,1.71,1626.469,439.365,95,95,0,1.027683,1.12,0.95,0,0,28
2020-03-04,1.23,1.1,1261,1.22,1.28,1698.855,374.515,0,0,0,0,1.01,0.72,0,0,27
2020-03-05,1.12,1.1,1254,1.11,1.17,1698.855,374.515,84,84,0,5.012,0.92,0.62,0,0,26
2020-03-06,1.1,1.1,1295,1.08,1.15,1698.855,374.515,0,0,0,0,0.79,0.46,0,0,25
2020-03-09,1.09,1.1,1256,1.08,1.14,1698.855,374.515,0,0,0,0,0.57,0.32,0,0,22
2020-03-10,1.11,1.1,1264,1.1,1.17,1698.855,374.515,95,95,0,6.0146948,0.57,0.44,0,0,21
2020-03-11,1.15,1.1,1222,1.14,1.2,1744.525,380.556,0,0,0,0,0.42,0.42,0,0,20
2020-03-12,1.2,1.1,1293,1.2,1.25,1744.525,380.556,78,78,0,3.346,0.41,0.33,0,0,19
2020-03-13,1.1,1.1,1298,1.08,1.15,1744.525,380.556,0,0,0,0,0.33,0.27,0,0,18
2020-03-16,0.26,0.1,1306,0.23,0.35,1744.525,380.556,78,0,78,0.075,0.25,0.24,0,0,15
2020-03-17,0.54,0.1,1335,0.5,0.74,1744.525,380.556,90,90,0,5.5591711,0.11,0.19,0,0,14
2020-03-18,0.1,0.1,1358,0.08,0.16,1895.588,362.576,0,0,0,0,0.04,0.02,0,0,13
2020-03-19,0.06,0.1,1319,0.05,0.11,1895.588,362.576,78,78,0,2.6723847,0.04,0.04,0,0,12
2020-03-20,0.04,0.1,1235,0.03,0.07,1895.588,362.576,0,0,0,0,0.04,0.05,0,0,11
2020-03-23,0.02,0.1,1277,0.01,0.04,1895.588,362.576,0,0,0,0,0.01,0.02,0,0,8
2020-03-24,0.01,0.1,1280,0.01,0.03,1895.588,362.576,110,110,0,4.8832103,0.01,0.01,0,0,7
2020-03-25,0.01,0.1,1229,0.01,0.02,2186.971,390.252,0,0,0,0,-0.04,-0.04,0,0,6
2020-03-26,0.01,0.1,1233,0.01,0.02,2186.971,390.252,110,110,0,4.8913847,0.01,-0.05,0,0,5
2020-03-27,0.01,0.1,1222,0.01,0.01,2186.971,390.252,18,0,18,0,0.01,0.03,0,0,4
2020-03-30,0.01,0.1,1157,0.01,0.01,2186.971,390.252,0,0,0,0,0.04,0.12,0,0,1
2020-03-31,0.01,0.1,1127,0.01,0.01,2186.971,390.252,295,170,125,19.4009164,0.04,0.11,1,0,0
2020-04-01,0.01,0.1,1226,0.01,0.03,2533.908,429.267,45,45,0,0,0.03,0.09,0,0,29
2020-04-02,0.01,0.1,1202,0.01,0.03,2533.908,429.267,193,193,0,3.9584039,0.09,0.09,0,0,28
2020-04-03,0.01,0.1,1266,0.01,0.02,2533.908,429.267,85,85,0,0,0.09,0.1,0,0,27
2020-04-06,0.01,0.1,1254,0.01,0.02,2533.908,429.267,0,0,0,0,0.09,0.15,0,0,24
2020-04-07,0.01,0.1,1226,0.01,0.02,2533.908,429.267,180,180,0,6.8149341,0.09,0.14,0,0,23
2020-04-08,0.01,0.1,1152,0.01,0.03,2760.451,698.578,105,105,0,0,0.14,0.22,0,0,22
2020-04-09,0.01,0.1,1160,0.01,0.05,2760.451,698.578,224,224,0,8.971077,0.2,0.25,0,0,21
2020-04-13,0.02,0.1,1193,0.02,0.07,2760.451,698.578,0,0,0,0,0.16,0.26,0,0,17
2020-04-14,0.06,0.1,1152,0.05,0.11,2760.451,698.578,200,200,0,6.9862573,0.17,0.2,0,0,16
2020-04-15,0.03,0.1,1257,0.03,0.08,2919.041,889.815,182,100,82,0.269891,0.13,0.14,0,1,15
2020-04-16,0.03,0.1,1223,0.02,0.08,2919.041,889.815,160,160,0,9.2373077,0.14,0.14,0,0,14
2020-04-17,0.03,0.1,1231,0.02,0.08,2919.041,889.815,0,0,0,0,0.12,0.12,0,1,13
2020-04-20,0.02,0.1,1158,0.01,0.06,2919.041,889.815,0,0,0,0,0.1,0.12,0,1,10
2020-04-21,0.01,0.1,1163,0.01,0.03,2919.041,889.815,190,190,0,7.6126844,0.08,0.11,0,0,9
2020-04-22,0.01,0.1,1158,0.01,0.03,3103.504,901.331,65,65,0,0,0.09,0.12,0,0,8
2020-04-23,0.01,0.1,1141,0.01,0.04,3103.504,901.331,188,188,0,14.0346924,0.09,0.11,0,0,7
2020-04-24,0.03,0.1,1208,0.03,0.08,3103.504,901.331,0,0,0,0,0.1,0.12,0,0,6
2020-04-27,0.03,0.1,1145,0.02,0.07,3103.504,901.331,0,0,0,0,0.09,0.12,0,0,3
2020-04-28,0.01,0.1,1165,0.01,0.05,3103.504,901.331,190,190,0,6.8813624,0.08,0.11,0,0,2
2020-04-29,0.01,0.1,1141,0.01,0.05,3159.142,997.507,55,55,0,0,0.1,0.1,0,0,1
2020-04-30,0.04,0.1,1180,0.02,0.09,3159.142,997.507,344,185,159,20.8775075,0.1,0.09,0,0,0
2020-05-01,0.03,0.1,1190,0.03,0.09,3159.142,997.507,0,0,0,0,0.1,0.12,0,0,30
2020-05-04,0.05,0.1,1184,0.04,0.1,3159.142,997.507,0,0,0,0,0.1,0.13,0,0,27
2020-05-05,0.05,0.1,1172,0.04,0.09,3159.142,997.507,220,220,0,6.743314,0.09,0.13,0,0,26
2020-05-06,0.05,0.1,1127,0.04,0.1,3158.938,1127.49,0,0,0,0,0.08,0.12,0,0,25
2020-05-07,0.05,0.1,1127,0.05,0.1,3158.938,1127.49,206,206,0,10.3325715,0.1,0.11,0,0,24
2020-05-08,0.06,0.1,1142,0.05,0.11,3158.938,1127.49,0,0,0,0,0.1,0.12,0,0,23
2020-05-11,0.06,0.1,1123,0.05,0.11,3158.938,1127.49,0,0,0,0,0.09,0.12,0,0,20
2020-05-12,0.06,0.1,1142,0.05,0.11,3158.938,1127.49,215,215,0,6.4005125,0.1,0.13,0,0,19
2020-05-13,0.04,0.1,1085,0.04,0.08,3156.929,1177.494,0,0,0,0,0.1,0.13,0,0,18
2020-05-14,0.02,0.1,1102,0.01,0.06,3156.929,1177.494,217,217,0,10.9403744,0.09,0.12,0,0,17
2020-05-15,0.05,0.1,1127,0.04,0.1,3156.929,1177.494,96,0,96,50.7694829,0.09,0.12,0,0,16
2020-05-18,0.04,0.1,1130,0.03,0.07,3156.929,1177.494,0,0,0,0,0.1,0.13,0,0,13
2020-05-19,0.04,0.1,1127,0.03,0.08,3156.929,1177.494,225,225,0,6.4524506,0.09,0.13,0,0,12
2020-05-20,0.01,0.1,1103,0.01,0.04,3273.303,1194.41,0,0,0,0,0.08,0.12,0,0,11
2020-05-21,0.02,0.1,1117,0.01,0.05,3273.303,1194.41,253,253,0,19.8643929,0.09,0.12,0,0,10
2020-05-22,0.04,0.1,1085,0.03,0.09,3273.303,1194.41,0,0,0,0,0.09,0.12,0,0,9
2020-05-26,0.06,0.1,1081,0.05,0.12,3273.303,1194.41,230,230,0,5.050404,0.1,0.14,0,0,5
2020-05-27,0.06,0.1,1069,0.04,0.1,3268.144,1310.491,0,0,0,0,0.1,0.15,0,0,4
2020-05-28,0.06,0.1,1031,0.05,0.12,3268.144,1310.491,247,247,0,9.6040082,0.14,0.15,0,0,3
2020-05-29,0.06,0.1,1061,0.05,0.1,3268.144,1310.491,32,0,32,0,0.13,0.14,0,0,2
2020-06-01,0.06,0.1,1104,0.05,0.12,3268.144,1310.491,147,0,147,15.4324902,0.12,0.14,0,0,29
2020-06-02,0.07,0.1,1054,0.05,0.13,3268.144,1310.491,230,230,0,6.7138002,0.12,0.15,0,0,28
2020-06-03,0.06,0.1,1024,0.05,0.11,3237.461,1434.823,0,0,0,0,0.12,0.16,0,0,27
2020-06-04,0.07,0.1,1067,0.06,0.12,3237.461,1434.823,222,222,0,10.194,0.13,0.15,0,0,26
2020-06-05,0.07,0.1,1021,0.06,0.12,3237.461,1434.823,0,0,0,0,0.13,0.15,0,0,25
2020-06-08,0.07,0.1,1032,0.06,0.12,3237.461,1434.823,0,0,0,0,0.15,0.17,0,0,22
2020-06-09,0.08,0.1,1034,0.06,0.13,3237.461,1434.823,230,230,0,6.4700942,0.14,0.19,0,0,21
2020-06-10,0.07,0.1,1008,0.06,0.12,3182.228,1506.558,0,0,0,0,0.13,0.17,0,0,20
2020-06-11,0.08,0.1,1009,0.06,0.12,3182.228,1506.558,217,217,0,7.1936924,0.14,0.17,0,0,19
2020-06-12,0.08,0.1,969,0.06,0.13,3182.228,1506.558,0,0,0,0,0.14,0.16,0,0,18
2020-06-15,0.09,0.1,1000,0.07,0.13,3182.228,1506.558,92,0,92,1.308,0.15,0.18,0,1,15
2020-06-16,0.09,0.1,986,0.07,0.13,3182.228,1506.558,205,205,0,6.7718564,0.14,0.17,0,1,14
2020-06-17,0.09,0.1,1012,0.07,0.13,3078.491,1560.85,0,0,0,0,0.13,0.17,0,1,13
2020-06-18,0.09,0.1,1046,0.07,0.12,3078.491,1560.85,238,238,0,17.6455917,0.13,0.16,0,0,12
2020-06-19,0.09,0.1,963,0.06,0.12,3078.491,1560.85,0,0,0,0,0.13,0.15,0,0,11
2020-06-22,0.08,0.1,1024,0.06,0.12,3078.491,1560.85,0,0,0,0,0.14,0.16,0,0,8
2020-06-23,0.07,0.1,992,0.05,0.11,3078.491,1560.85,190,190,0,5.7041448,0.12,0.16,0,0,7
2020-06-24,0.08,0.1,1015,0.06,0.12,2918.756,1623.942,0,0,0,0,0.11,0.15,0,0,6
2020-06-25,0.09,0.1,984,0.07,0.13,2918.756,1623.942,211,211,0,4.2496364,0.13,0.16,0,0,5
2020-06-26,0.08,0.1,938,0.06,0.12,2918.756,1623.942,20,0,20,0,0.12,0.14,0,0,4
2020-06-29,0.08,0.1,940,0.06,0.12,2918.756,1623.942,0,0,0,0,0.11,0.14,0,0,1
2020-06-30,0.1,0.1,970,0.07,0.13,2918.756,1623.942,331,165,166,29.2350952,0.13,0.16,1,0,0
2020-07-01,0.11,0.1,1003,0.07,0.13,2884.819,1657.62,0,0,0,0,0.12,0.14,0,0,30
2020-07-02,0.11,0.1,952,0.08,0.14,2884.819,1657.62,175,175,0,13.5300838,0.13,0.14,0,0,29
2020-07-06,0.1,0.1,977,0.08,0.15,2884.819,1657.62,0,0,0,0,0.12,0.15,0,0,25
2020-07-07,0.1,0.1,969,0.08,0.15,2884.819,1657.62,145,145,0,6.4376228,0.12,0.15,0,0,24
2020-07-08,0.1,0.1,954,0.08,0.13,2813.967,1653.098,0,0,0,0,0.11,0.15,0,0,23
2020-07-09,0.1,0.1,984,0.08,0.14,2813.967,1653.098,175,175,0,10.8752378,0.11,0.13,0,0,22
2020-07-10,0.1,0.1,942,0.08,0.14,2813.967,1653.098,0,0,0,0,0.1,0.13,0,0,21
2020-07-13,0.1,0.1,960,0.08,0.14,2813.967,1653.098,0.025,0,0.025,0,0.11,0.14,0,0,18
2020-07-14,0.11,0.1,972,0.09,0.15,2813.967,1653.098,135,135,0,6.6575279,0.11,0.15,0,0,17
2020-07-15,0.13,0.1,939,0.11,0.17,2777.603,1655.32,94,0,94,8.2466958,0.12,0.16,0,0,16
2020-07-16,0.12,0.1,957,0.08,0.14,2777.603,1655.32,209,209,0,18.7242308,0.12,0.11,0,0,15
2020-07-17,0.12,0.1,988,0.09,0.15,2777.603,1655.32,0,0,0,0,0.11,0.11,0,0,14
2020-07-20,0.12,0.1,975,0.09,0.14,2777.603,1655.32,0,0,0,0,0.11,0.13,0,0,11
2020-07-21,0.11,0.1,963,0.08,0.14,2777.603,1655.32,125,125,0,5.3329308,0.09,0.13,0,0,10
2020-07-22,0.1,0.1,1031,0.08,0.13,2631.78,1804.944,0,0,0,0,0.09,0.13,0,0,9
2020-07-23,0.1,0.1,942,0.08,0.13,2631.78,1804.944,185,185,0,16.2771758,0.09,0.12,0,0,8
2020-07-24,0.1,0.1,950,0.08,0.13,2631.78,1804.944,0,0,0,0,0.1,0.11,0,0,7
2020-07-27,0.1,0.1,973,0.08,0.14,2631.78,1804.944,0,0,0,0,0.1,0.11,0,0,4
2020-07-28,0.1,0.1,955,0.08,0.13,2631.78,1804.944,120,120,0,6.3985534,0.09,0.11,0,0,3
2020-07-29,0.09,0.1,948,0.07,0.12,2615.272,1816.687,0,0,0,0,0.09,0.11,0,0,2
2020-07-30,0.1,0.1,928,0.07,0.12,2615.272,1816.687,165,165,0,12.1616416,0.1,0.09,0,0,1
2020-07-31,0.1,0.1,1034,0.08,0.14,2615.272,1816.687,196,0,196,22.2731414,0.09,0.09,0,0,0
2020-08-03,0.1,0.1,991,0.08,0.13,2615.272,1816.687,0,0,0,0,0.09,0.1,0,0,28
2020-08-04,0.09,0.1,1051,0.07,0.13,2615.272,1816.687,120,120,0,6.2381886,0.09,0.09,0,0,27
2020-08-05,0.09,0.1,1028,0.07,0.12,2713.287,1745.228,0,0,0,0,0.08,0.1,0,0,26
2020-08-06,0.09,0.1,1029,0.07,0.12,2713.287,1745.228,165,165,0,11.5506023,0.07,0.1,0,0,25
2020-08-07,0.09,0.1,944,0.07,0.12,2713.287,1745.228,0,0,0,0,0.08,0.1,0,0,24
2020-08-10,0.09,0.1,948,0.07,0.12,2713.287,1745.228,0,0,0,0,0.09,0.11,0,0,21
2020-08-11,0.1,0.1,956,0.07,0.12,2713.287,1745.228,120,120,0,6.4542361,0.08,0.11,0,0,20
2020-08-12,0.09,0.1,964,0.07,0.12,2788.961,1669.733,0,0,0,0,0.08,0.11,0,0,19
2020-08-13,0.09,0.1,989,0.07,0.12,2788.961,1669.733,199,199,0,16.3375965,0.08,0.1,0,0,18
2020-08-14,0.09,0.1,930,0.07,0.12,2788.961,1669.733,0,0,0,0,0.09,0.1,0,0,17
2020-08-17,0.1,0.1,944,0.07,0.13,2788.961,1669.733,112,0,112,66.6123147,0.09,0.1,0,0,14
2020-08-18,0.09,0.1,977,0.07,0.12,2788.961,1669.733,120,120,0,5.3945346,0.08,0.09,0,0,13
2020-08-19,0.09,0.1,961,0.07,0.12,2827.685,1643.505,0,0,0,0,0.07,0.11,0,0,12
2020-08-20,0.07,0.1,983,0.05,0.09,2827.685,1643.505,165,165,0,13.479396,0.08,0.11,0,0,11
2020-08-21,0.07,0.1,959,0.05,0.1,2827.685,1643.505,0,0,0,0,0.07,0.1,0,0,10
2020-08-24,0.08,0.1,935,0.06,0.11,2827.685,1643.505,0,0,0,0,0.09,0.12,0,0,7
2020-08-25,0.08,0.1,931,0.06,0.11,2827.685,1643.505,120,120,0,6.2186251,0.08,0.11,0,0,6
2020-08-26,0.07,0.1,938,0.05,0.1,2815.794,1622.69,0,0,0,0,0.07,0.11,0,0,5
2020-08-27,0.07,0.1,898,0.05,0.1,2815.794,1622.69,165,165,0,8.6727842,0.09,0.11,0,0,4
2020-08-28,0.07,0.1,881,0.05,0.1,2815.794,1622.69,22,0,22,0,0.09,0.1,0,0,3
2020-08-31,0.09,0.1,934,0.07,0.13,2815.794,1622.69,180,0,180,15.6373012,0.08,0.11,0,0,0
2020-09-01,0.09,0.1,969,0.06,0.12,2815.794,1622.69,120,120,0,6.0979754,0.09,0.12,0,0,29
2020-09-02,0.09,0.1,947,0.06,0.12,2851.916,1639.159,0,0,0,0,0.1,0.12,0,0,28
2020-09-03,0.1,0.1,955,0.06,0.12,2851.916,1639.159,165,165,0,12.700077,0.1,0.11,0,0,27
2020-09-04,0.09,0.1,935,0.07,0.13,2851.916,1639.159,0,0,0,0,0.09,0.11,0,0,26
2020-09-08,0.09,0.1,957,0.07,0.13,2851.916,1639.159,120,120,0,6.3076421,0.1,0.13,0,0,22
2020-09-09,0.09,0.1,937,0.07,0.12,2857.463,1611.083,0,0,0,0,0.1,0.12,0,0,21
2020-09-10,0.09,0.1,924,0.07,0.13,2857.463,1611.083,199,199,0,14.7008343,0.1,0.12,0,0,20
2020-09-11,0.09,0.1,900,0.07,0.12,2857.463,1611.083,0,0,0,0,0.1,0.11,0,0,19
2020-09-14,0.09,0.1,881,0.07,0.12,2857.463,1611.083,0,0,0,0,0.1,0.11,0,0,16
2020-09-15,0.1,0.1,938,0.07,0.13,2857.463,1611.083,228,120,108,9.5962506,0.09,0.11,0,1,15
2020-09-16,0.1,0.1,899,0.07,0.13,2885.412,1614.855,0,0,0,0,0.08,0.12,0,1,14
2020-09-17,0.1,0.1,892,0.07,0.13,2885.412,1614.855,165,165,0,8.3870266,0.09,0.09,0,1,13
2020-09-18,0.09,0.1,896,0.07,0.12,2885.412,1614.855,0,0,0,0,0.09,0.1,0,0,12
2020-09-21,0.08,0.1,925,0.06,0.11,2885.412,1614.855,0,0,0,0,0.09,0.1,0,0,9
2020-09-22,0.07,0.1,941,0.05,0.09,2885.412,1614.855,120,120,0,6.3155096,0.08,0.1,0,0,8
2020-09-23,0.06,0.1,945,0.04,0.08,2830.499,1680.688,0,0,0,0,0.08,0.11,0,0,7
2020-09-24,0.07,0.1,919,0.04,0.09,2830.499,1680.688,165,165,0,3.916464,0.08,0.1,0,0,6
2020-09-25,0.08,0.1,929,0.06,0.11,2830.499,1680.688,22,0,22,0,0.08,0.1,0,0,5
2020-09-28,0.08,0.1,923,0.06,0.11,2830.499,1680.688,0,0,0,0,0.09,0.11,0,0,2
2020-09-29,0.07,0.1,916,0.05,0.1,2830.499,1680.688,120,120,0,6.1734748,0.07,0.09,0,0,1
2020-09-30,0.08,0.1,975,0.06,0.11,2839.316,1679.152,189,0,189,25.875,0.08,0.1,1,0,0
2020-10-01,0.08,0.1,1020,0.05,0.11,2839.316,1679.152,165,165,0,8.7459951,0.09,0.09,0,0,30
2020-10-02,0.1,0.1,927,0.06,0.12,2839.316,1679.152,0,0,0,0,0.1,0.09,0,0,29
2020-10-05,0.09,0.1,955,0.07,0.12,2839.316,1679.152,0,0,0,0,0.09,0.1,0,0,26
2020-10-06,0.1,0.1,920,0.07,0.12,2839.316,1679.152,120,120,0,6.3865774,0.08,0.1,0,0,25
2020-10-07,0.09,0.1,925,0.07,0.12,2840.86,1697.074,0,0,0,0,0.08,0.1,0,0,24
2020-10-08,0.08,0.1,924,0.06,0.1,2840.86,1697.074,199,199,0,21.1147417,0.09,0.09,0,0,23
2020-10-09,0.09,0.1,894,0.06,0.11,2840.86,1697.074,0,0,0,0,0.1,0.1,0,0,22
2020-10-13,0.09,0.1,930,0.07,0.12,2840.86,1697.074,120,120,0,5.2845574,0.09,0.11,0,0,18
2020-10-14,0.09,0.1,885,0.06,0.11,2861.929,1680.998,0,0,0,0,0.1,0.12,0,0,17
2020-10-15,0.1,0.1,952,0.07,0.13,2861.929,1680.998,275,165,110,14.5739309,0.1,0.11,0,0,16
2020-10-16,0.09,0.1,914,0.06,0.11,2861.929,1680.998,0,0,0,0,0.09,0.11,0,0,15
2020-10-19,0.09,0.1,903,0.06,0.11,2861.929,1680.998,0,0,0,0,0.09,0.11,0,0,12
2020-10-20,0.08,0.1,918,0.06,0.1,2861.929,1680.998,120,120,0,6.263341,0.08,0.1,0,0,11
2020-10-21,0.07,0.1,943,0.05,0.09,2860.48,1724.792,0,0,0,0,0.08,0.1,0,0,10
2020-10-22,0.07,0.1,929,0.05,0.09,2860.48,1724.792,165,165,0,13.4362712,0.09,0.09,0,0,9
2020-10-23,0.08,0.1,915,0.06,0.1,2860.48,1724.792,0,0,0,0,0.08,0.1,0,0,8
2020-10-26,0.09,0.1,921,0.06,0.11,2860.48,1724.792,0,0,0,0,0.08,0.11,0,0,5
2020-10-27,0.09,0.1,931,0.07,0.11,2860.48,1724.792,120,120,0,6.1328213,0.08,0.1,0,0,4
2020-10-28,0.08,0.1,910,0.06,0.1,2880.781,1680.933,0,0,0,0,0.07,0.1,0,0,3
2020-10-29,0.09,0.1,866,0.06,0.1,2880.781,1680.933,165,165,0,9.4862261,0.08,0.09,0,0,2
2020-10-30,0.09,0.1,873,0.07,0.12,2880.781,1680.933,17,0,17,0,0.08,0.09,0,0,1
2020-11-02,0.11,0.1,956,0.07,0.13,2880.781,1680.933,210,0,210,22.2796677,0.09,0.09,0,0,28
2020-11-03,0.1,0.1,948,0.07,0.12,2880.781,1680.933,120,120,0,6.3440738,0.09,0.1,0,0,27
2020-11-04,0.1,0.1,899,0.08,0.13,2966.737,1621.346,0,0,0,0,0.08,0.1,0,0,26
2020-11-05,0.11,0.1,938,0.08,0.13,2966.737,1621.346,199,199,0,21.9807075,0.09,0.1,0,0,25
2020-11-06,0.1,0.1,888,0.08,0.13,2966.737,1621.346,0,0,0,0,0.1,0.1,0,0,24
2020-11-09,0.1,0.1,904,0.08,0.12,2966.737,1621.346,0,0,0,0,0.1,0.11,0,0,21
2020-11-10,0.1,0.1,923,0.07,0.12,2966.737,1621.346,120,120,0,5.2154691,0.09,0.1,0,0,20
2020-11-12,0.09,0.1,912,0.07,0.11,2976.17,1600.837,165,165,0,11.3963835,0.1,0.1,0,0,18
2020-11-13,0.09,0.1,904,0.07,0.11,2976.17,1600.837,0,0,0,0,0.1,0.09,0,0,17
2020-11-16,0.1,0.1,953,0.08,0.12,2976.17,1600.837,122,0,122,33.4525842,0.09,0.09,0,0,14
2020-11-17,0.09,0.1,970,0.07,0.11,2976.17,1600.837,120,120,0,6.2914318,0.08,0.09,0,0,13
2020-11-18,0.07,0.1,941,0.05,0.09,3043.822,1556.892,0,0,0,0,0.07,0.09,0,0,12
2020-11-19,0.06,0.1,911,0.04,0.07,3043.822,1556.892,165,165,0,14.1800799,0.08,0.07,0,0,11
2020-11-20,0.05,0.1,920,0.04,0.07,3043.822,1556.892,0,0,0,0,0.09,0.07,0,0,10
2020-11-23,0.05,0.1,913,0.04,0.07,3043.822,1556.892,0,0,0,0,0.08,0.08,0,0,7
2020-11-24,0.07,0.1,910,0.05,0.09,3043.822,1556.892,120,120,0,6.1547117,0.08,0.09,0,0,6
2020-11-25,0.08,0.1,937,0.06,0.1,3083.636,1517.215,0,0,0,0,0.07,0.09,0,0,5
2020-11-27,0.08,0.1,900,0.06,0.1,3083.636,1517.215,189,165,24,8.8929082,0.09,0.09,0,0,3
2020-11-30,0.09,0.1,1055,0.08,0.12,3083.636,1517.215,208,0,208,28.8557799,0.08,0.08,0,0,0
2020-12-01,0.08,0.1,972,0.06,0.1,3083.636,1517.215,120,120,0,6.3669603,0.07,0.09,0,0,30
2020-12-02,0.08,0.1,926,0.06,0.1,3117.307,1531.053,0,0,0,0,0.07,0.09,0,0,29
2020-12-03,0.08,0.1,954,0.06,0.1,3117.307,1531.053,199,199,0,20.3853912,0.08,0.08,0,0,28
2020-12-04,0.09,0.1,951,0.07,0.11,3117.307,1531.053,0,0,0,0,0.07,0.09,0,0,27
2020-12-07,0.08,0.1,951,0.07,0.11,3117.307,1531.053,0,0,0,0,0.09,0.08,0,0,24
2020-12-08,0.07,0.1,939,0.06,0.09,3117.307,1531.053,120,120,0,5.2526705,0.08,0.09,0,0,23
2020-12-09,0.08,0.1,935,0.06,0.09,3117.48,1534.243,0,0,0,0,0.07,0.08,0,0,22
2020-12-10,0.08,0.1,946,0.06,0.09,3117.48,1534.243,165,165,0,9.0312812,0.07,0.08,0,0,21
2020-12-11,0.08,0.1,885,0.06,0.1,3117.48,1534.243,0,0,0,0,0.08,0.08,0,0,20
2020-12-14,0.08,0.1,907,0.06,0.09,3117.48,1534.243,0,0,0,0,0.07,0.09,0,0,17
2020-12-15,0.09,0.1,933,0.07,0.11,3117.48,1534.243,238,120,118,11.302306,0.07,0.08,0,1,16
2020-12-16,0.09,0.1,914,0.07,0.11,3168.24,1529.698,0,0,0,0,0.08,0.09,0,1,15
2020-12-17,0.09,0.1,922,0.07,0.11,3168.24,1529.698,165,165,0,10.7515844,0.08,0.08,0,1,14
2020-12-18,0.09,0.1,943,0.07,0.11,3168.24,1529.698,0,0,0,0,0.08,0.08,0,0,13
2020-12-21,0.09,0.1,922,0.07,0.11,3168.24,1529.698,0.025,0.025,0,0,0.08,0.09,0,0,10
2020-12-22,0.07,0.1,923,0.06,0.09,3168.24,1529.698,120,120,0,6.1429245,0.06,0.09,0,0,9
2020-12-23,0.06,0.1,921,0.05,0.07,3143.041,1602.407,0,0,0,0,0.07,0.09,0,0,8
2020-12-24,0.08,0.1,895,0.06,0.1,3143.041,1602.407,165,165,0,4.0815721,0.09,0.09,0,0,7
2020-12-28,0.09,0.1,946,0.07,0.12,3143.041,1602.407,24,0,24,0,0.09,0.11,0,0,3
2020-12-29,0.1,0.1,945,0.08,0.12,3143.041,1602.407,120,120,0,6.3546368,0.08,0.1,0,0,2
2020-12-30,0.09,0.1,916,0.08,0.12,3122.156,1591.055,0,0,0,0,0.06,0.08,0,0,1
2020-12-31,0.07,0.1,1095,0.06,0.1,3122.156,1591.055,414,199,215,56.1409453,0.08,0.09,1,0,0
2021-01-04,0.1,0.1,1046,0.07,0.12,3122.156,1591.055,0,0,0,0,0.09,0.09,0,0,27
2021-01-05,0.11,0.1,986,0.08,0.13,3122.156,1591.055,120,120,0,5.232639,0.08,0.09,0,0,26
2021-01-06,0.1,0.1,978,0.08,0.13,3068.284,1669.327,0,0,0,0,0.09,0.09,0,0,25
2021-01-07,0.1,0.1,951,0.08,0.12,3068.284,1669.327,165,165,0,13.4851076,0.09,0.09,0,0,24
2021-01-08,0.09,0.1,992,0.07,0.12,3068.284,1669.327,0,0,0,0,0.08,0.08,0,0,23
2021-01-11,0.09,0.1,964,0.07,0.11,3068.284,1669.327,0,0,0,0,0.09,0.08,0,0,20
2021-01-12,0.08,0.1,918,0.06,0.11,3068.284,1669.327,120,120,0,6.2844507,0.09,0.09,0,0,19
2021-01-13,0.08,0.1,911,0.05,0.1,3183.917,1589.421,0,0,0,0,0.09,0.09,0,0,18
2021-01-14,0.08,0.1,887,0.05,0.1,3183.917,1589.421,165,165,0,12.7827489,0.09,0.09,0,0,17
2021-01-15,0.08,0.1,904,0.05,0.1,3183.917,1589.421,120,0,120,12.0631177,0.08,0.09,0,0,16
2021-01-19,0.07,0.1,936,0.05,0.09,3183.917,1589.421,120,120,0,6.1492715,0.07,0.09,0,0,12
2021-01-20,0.06,0.1,883,0.04,0.07,3154.624,1626.906,0,0,0,0,0.08,0.08,0,0,11
2021-01-21,0.04,0.1,922,0.02,0.05,3154.624,1626.906,165,165,0,14.8161392,0.07,0.09,0,0,10
2021-01-22,0.05,0.1,906,0.04,0.07,3154.624,1626.906,0,0,0,0,0.07,0.08,0,0,9
2021-01-25,0.06,0.1,885,0.05,0.09,3154.624,1626.906,0,0,0,0,0.07,0.09,0,0,6
2021-01-26,0.03,0.1,926,0.02,0.05,3154.624,1626.906,120,120,0,6.3612725,0.05,0.07,0,0,5
2021-01-27,0.03,0.1,913,0.02,0.04,3163.008,1633.54,0,0,0,0,0.05,0.08,0,0,4
2021-01-28,0.04,0.1,906,0.03,0.06,3163.008,1633.54,199,199,0,18.9524045,0.05,0.07,0,0,3
2021-01-29,0.06,0.1,915,0.04,0.07,3163.008,1633.54,15,0,15,0,0.07,0.06,0,0,2
2021-02-01,0.07,0.1,1010,0.05,0.09,3163.008,1633.54,235,0,235,31.7621451,0.06,0.07,0,0,27
2021-02-02,0.07,0.1,968,0.06,0.09,3163.008,1633.54,120,120,0,5.2434252,0.04,0.07,0,0,26
2021-02-03,0.07,0.1,962,0.06,0.1,3193.118,1625.325,0,0,0,0,0.03,0.04,0,0,25
2021-02-04,0.05,0.1,989,0.03,0.06,3193.118,1625.325,165,165,0,14.1495602,0.03,0.04,0,0,24
2021-02-05,0.02,0.1,933,0.01,0.04,3193.118,1625.325,0,0,0,0,0.02,0.03,0,0,23
2021-02-08,0.02,0.1,920,0.01,0.05,3193.118,1625.325,0,0,0,0,0.04,0.05,0,0,20
2021-02-09,0.05,0.1,901,0.03,0.07,3193.118,1625.325,120,120,0,6.2800651,0.04,0.04,0,0,19
2021-02-10,0.06,0.1,884,0.05,0.09,3258.919,1608.906,0,0,0,0,0.05,0.05,0,0,18
2021-02-11,0.06,0.1,891,0.04,0.08,3258.919,1608.906,165,165,0,11.8553672,0.05,0.05,0,0,17
2021-02-12,0.05,0.1,890,0.03,0.07,3258.919,1608.906,0,0,0,0,0.03,0.04,0,0,16
2021-02-16,0.06,0.1,934,0.05,0.08,3258.919,1608.906,246,120,126,51.8559822,0.03,0.04,0,0,12
2021-02-17,0.06,0.1,957,0.05,0.08,3378.907,1567.041,0,0,0,0,0.03,0.04,0,0,11
2021-02-18,0.03,0.1,872,0.02,0.05,3378.907,1567.041,165,165,0,13.8397478,0.03,0.03,0,0,10
2021-02-19,0.02,0.1,873,0.01,0.04,3378.907,1567.041,0,0,0,0,0.03,0.04,0,0,9
2021-02-22,0.03,0.1,860,0.02,0.04,3378.907,1567.041,0,0,0,0,0.03,0.03,0,0,6
2021-02-23,0.01,0.1,917,0.01,0.03,3378.907,1567.041,65,65,0,6.3576995,0.03,0.04,0,0,5
2021-02-24,0.02,0.1,870,0.01,0.04,3369.02,1529.977,0,0,0,0,0.03,0.03,0,0,4
2021-02-25,0.03,0.1,896,0.02,0.05,3369.02,1529.977,169,169,0,15.4205875,0.04,0.04,0,0,3
2021-02-26,0.01,0.1,889,0.01,0.01,3369.02,1529.977,35,0,35,0,0.04,0.04,0,0,2
2021-03-01,0.02,0.1,988,0.01,0.04,3369.02,1529.977,210,0,210,45.4925181,0.03,0.05,0,0,30
2021-03-02,0.04,0.1,951,0.02,0.05,3369.02,1529.977,95,95,0,5.2376172,0.04,0.04,0,0,29
2021-03-03,0.04,0.1,897,0.03,0.06,3503.12,1429.549,0,0,0,0,0.04,0.05,0,0,28
2021-03-04,0.02,0.1,936,0.01,0.04,3503.12,1429.549,135,135,0,14.0881133,0.03,0.04,0,0,27
2021-03-05,0.02,0.1,933,0.01,0.03,3503.12,1429.549,0,0,0,0,0.04,0.04,0,0,26
2021-03-08,0.02,0.1,928,0.01,0.04,3503.12,1429.549,0,0,0,0,0.04,0.05,0,0,23
2021-03-09,0.02,0.1,914,0.01,0.03,3503.12,1429.549,95,95,0,6.2824265,0.04,0.05,0,0,22
2021-03-10,0.02,0.1,914,0.01,0.04,3592.01,1360.064,0,0,0,0,0.03,0.04,0,0,21
2021-03-11,0.01,0.1,884,0.01,0.03,3592.01,1360.064,135,135,0,10.0384903,0.04,0.04,0,0,20
2021-03-12,0.01,0.1,889,0,0.01,3592.01,1360.064,0,0,0,0,0.03,0.04,0,0,19
2021-03-15,0.01,0.1,898,0.01,0.02,3592.01,1360.064,120,0,120,7.437,0.02,0.04,0,0,16
2021-03-16,0.01,0.1,914,0.01,0.01,3592.01,1360.064,95,95,0,6.1476941,0.01,0.02,0,0,15
2021-03-17,0.01,0.1,883,0.01,0.01,3681.03,1272.583,0,0,0,0,0.01,0.02,0,0,14
2021-03-18,0.01,0.1,868,0.01,0.01,3681.03,1272.583,146,146,0,9.6030849,0.01,0.01,0,0,13
2021-03-19,0.01,0.1,865,0,0.01,3681.03,1272.583,0,0,0,0,0.01,0.01,0,0,12
2021-03-22,0.01,0.1,869,0,0.01,3681.03,1272.583,0,0,0,0,0.02,0.03,0,0,9
2021-03-23,0.01,0.1,896,0,0.01,3681.03,1272.583,115,115,0,6.3596234,0.02,0.01,0,0,8
2021-03-24,0.01,0.1,895,0.01,0.01,3826.375,1061.138,0,0,0,0,0.02,0.02,0,0,7
2021-03-25,0.01,0.1,956,0.01,0.03,3826.375,1061.138,185,185,0,5.1575222,0.02,0.02,0,0,6
2021-03-26,0.01,0.1,924,0.01,0.03,3826.375,1061.138,26,0,26,0,0.02,0.02,0,0,5
2021-03-29,0.01,0.1,858,0.01,0.03,3826.375,1061.138,0,0,0,0,0.02,0.03,0,0,2
2021-03-30,0.01,0.1,808,0.01,0.02,3826.375,1061.138,115,115,0,5.2407446,0.01,0.02,0,0,1
2021-03-31,0.01,0.1,931,0,0.01,3876.162,1025.727,220,0,220,39.5056465,0.01,0.03,1,0,0
2021-04-01,0.01,0.1,989,0.01,0.03,3876.162,1025.727,151,151,0,13.3503357,0.02,0.02,0,0,29
2021-04-05,0.01,0.1,985,0.01,0.04,3876.162,1025.727,0,0,0,0,0.03,0.03,0,0,25
2021-04-06,0.01,0.1,979,0.01,0.04,3876.162,1025.727,115,115,0,6.281155,0.02,0.02,0,0,24
2021-04-07,0.01,0.1,924,0.01,0.02,3932.949,1010.103,0,0,0,0,0.01,0.02,0,0,23
2021-04-08,0.01,0.1,896,0.01,0.01,3932.949,1010.103,151,151,0,14.6823337,0.02,0.01,0,0,22
2021-04-09,0.01,0.1,867,0,0.01,3932.949,1010.103,0,0,0,0,0.02,0.02,0,0,21
2021-04-12,0.01,0.1,863,0,0.01,3932.949,1010.103,0,0,0,0,0.02,0.02,0,0,18
2021-04-13,0.01,0.1,894,0,0.01,3932.949,1010.103,115,115,0,6.1467032,0.03,0.03,0,0,17
2021-04-14,0.01,0.1,883,0,0.01,3977.813,925.094,0,0,0,0,0.02,0.02,0,0,16
2021-04-15,0.01,0.1,928,0.01,0.01,3977.813,925.094,271,151,120,30.5802208,0.02,0.02,0,1,15
2021-04-16,0.01,0.1,913,0,0.01,3977.813,925.094,0,0,0,0,0.02,0.02,0,0,14
2021-04-19,0.01,0.1,919,0,0.01,3977.813,925.094,0,0,0,0,0.01,0.02,0,1,11
2021-04-20,0.01,0.1,896,0,0.01,3977.813,925.094,115,115,0,6.6031883,0.01,0.03,0,1,10
2021-04-21,0.01,0.1,882,0,0.01,3825.455,1015.902,0,0,0,0,0,0.03,0,0,9
2021-04-22,0.01,0.1,870,0,0.01,3825.455,1015.902,185,185,0,17.1005896,0.02,0.03,0,0,8
2021-04-23,0.01,0.1,871,0,0.01,3825.455,1015.902,0,0,0,0,0.01,0.03,0,0,7
2021-04-26,0.01,0.1,875,0,0.01,3825.455,1015.902,0,0,0,0,0.02,0.03,0,0,4
2021-04-27,0.01,0.1,879,0,0.01,3825.455,1015.902,115,115,0,5.4406277,0.01,0.01,0,0,3
2021-04-28,0.01,0.1,847,0,0.01,3829.269,967.689,0,0,0,0,0.01,0.01,0,0,2
2021-04-29,0.01,0.1,838,0,0.01,3829.269,967.689,151,151,0,11.9704002,0.01,0.01,0,0,1
2021-04-30,0.01,0.1,924,0,0.01,3829.269,967.689,253,0,253,48.3160413,0.01,0.01,0,0,0
2021-05-03,0.01,0.1,930,0.01,0.01,3829.269,967.689,0,0,0,0,0.02,0.04,0,0,28
2021-05-04,0.01,0.1,895,0.01,0.01,3829.269,967.689,115,115,0,6.5234225,0.01,0.02,0,0,27
2021-05-05,0.01,0.1,841,0.01,0.01,3873.728,953.689,0,0,0,0,0.01,0.02,0,0,26
2021-05-06,0.01,0.1,883,0.01,0.01,3873.728,953.689,151,151,0,15.3417806,0.01,0.02,0,0,25
2021-05-07,0.01,0.1,869,0.01,0.01,3873.728,953.689,0,0,0,0,0.01,0.02,0,0,24
2021-05-10,0.01,0.1,869,0.01,0.01,3873.728,953.689,0,0,0,0,0.02,0.02,0,0,21
2021-05-11,0.01,0.1,865,0.01,0.01,3873.728,953.689,115,115,0,6.3836484,0.01,0.01,0,0,20
2021-05-12,0.01,0.1,895,0,0.01,3947.565,898.779,0,0,0,0,0.01,0.02,0,0,19
2021-05-13,0.01,0.1,860,0,0.01,3947.565,898.779,151,151,0,11.6324322,0,0.02,0,0,18
2021-05-14,0.01,0.1,865,-0.01,0.01,3947.565,898.779,0,0,0,0,0.01,0.01,0,0,17
2021-05-17,0.01,0.1,902,0,0.01,3947.565,898.779,126,0,126,66.843607,0,0.02,0,0,14
2021-05-18,0.01,0.1,888,0,0.01,3947.565,898.779,115,115,0,6.4814059,0,0.02,0,0,13
2021-05-19,0.01,0.1,891,0,0.01,3919.807,866.119,0,0,0,0,0,0.01,0,0,12
2021-05-20,0.01,0.1,872,0,0.01,3919.807,866.119,185,185,0,18.1658368,0.01,0.01,0,0,11
2021-05-21,0.01,0.1,857,-0.01,0.01,3919.807,866.119,0,0,0,0,0,0.01,0,0,10
2021-05-24,0.01,0.1,858,-0.01,0.01,3919.807,866.119,0,0,0,0,0.01,0.02,0,0,7
2021-05-25,0.01,0.1,877,-0.01,0.01,3919.807,866.119,115,115,0,5.3406862,0.01,0.02,0,0,6
2021-05-26,0.01,0.1,869,-0.01,0.01,3805.178,812.473,0,0,0,0,0,0.02,0,0,5
2021-05-27,0.01,0.1,877,-0.01,0.01,3805.178,812.473,151,151,0,10.3101444,0,0.02,0,0,4
2021-05-28,0.01,0.1,868,-0.01,0.01,3805.178,812.473,39,0,39,0,0.01,0.01,0,0,3
2021-06-01,0.01,0.1,977,0,0.01,3805.178,812.473,325,115,210,47.1633176,0.01,0.02,0,0,29
2021-06-02,0.01,0.1,953,0.01,0.01,3814.127,783.235,0,0,0,0,0.01,0.02,0,0,28
2021-06-03,0.01,0.1,903,0.01,0.01,3814.127,783.235,151,151,0,14.7248476,0,0.02,0,0,27
2021-06-04,0.01,0.1,898,0.01,0.01,3814.127,783.235,0,0,0,0,0.01,0.02,0,0,26
2021-06-07,0.01,0.1,921,0,0.01,3814.127,783.235,0,0,0,0,0.01,0.02,0,0,23
2021-06-08,0.01,0.1,896,0,0.01,3814.127,783.235,115,115,0,6.2651758,0.01,0.02,0,0,22
2021-06-09,0.01,0.1,896,0,0.01,3874.371,730.235,0,0,0,0,0.01,0.03,0,0,21
2021-06-10,0.01,0.1,904,0.01,0.01,3874.371,730.235,151,151,0,9.5492744,0.01,0.03,0,0,20
2021-06-11,0.01,0.1,834,0,0.01,3874.371,730.235,0,0,0,0,0.01,0.03,0,0,19
2021-06-14,0.01,0.1,877,0,0.01,3874.371,730.235,0,0,0,0,0.01,0.03,0,0,16
2021-06-15,0.01,0.1,905,0,0.01,3874.371,730.235,235,115,120,17.5742971,0.02,0.03,0,1,15
2021-06-16,0.01,0.1,900,0,0.01,3940.038,653.889,0,0,0,0,0.04,0.04,0,1,14
2021-06-17,0.05,0.15,998,0.04,0.06,3940.038,653.889,185,185,0,14.207229,0.05,0.04,0,1,13
2021-06-18,0.05,0.15,921,0.04,0.06,3940.038,653.889,0,0,0,0,0.05,0.05,0,0,12
2021-06-21,0.05,0.15,894,0.03,0.05,3940.038,653.889,0,0,0,0,0.04,0.05,0,0,9
2021-06-22,0.05,0.15,888,0.03,0.05,3940.038,653.889,115,115,0,5.3906569,0.04,0.04,0,0,8
2021-06-23,0.05,0.15,835,0.03,0.05,3808.042,734.689,0,0,0,0,0.04,0.05,0,0,7
2021-06-24,0.05,0.15,868,0.04,0.05,3808.042,734.689,151,151,0,4.0099176,0.05,0.05,0,0,6
2021-06-25,0.05,0.15,850,0.04,0.06,3808.042,734.689,26,0,26,0,0.05,0.06,0,0,5
2021-06-28,0.05,0.15,853,0.04,0.05,3808.042,734.689,0,0,0,0,0.04,0.05,0,0,2
2021-06-29,0.05,0.15,850,0.02,0.05,3808.042,734.689,115,115,0,6.4628556,0.04,0.04,0,0,1
2021-06-30,0.05,0.15,871,0.03,0.05,3780.791,745.962,223,0,223,33.849553,0.05,0.05,1,0,0
2021-07-01,0.05,0.15,938,0.04,0.06,3780.791,745.962,151,151,0,15.4521764,0.05,0.05,0,0,30
2021-07-02,0.05,0.15,910,0.05,0.06,3780.791,745.962,0,0,0,0,0.05,0.05,0,0,29
2021-07-06,0.05,0.15,934,0.05,0.06,3780.791,745.962,115,115,0,6.3244121,0.05,0.05,0,0,25
2021-07-07,0.05,0.15,905,0.05,0.06,3870.568,753.364,0,0,0,0,0.05,0.05,0,0,24
2021-07-08,0.05,0.15,874,0.05,0.06,3870.568,753.364,151,151,0,14.0894862,0.06,0.06,0,0,23
2021-07-09,0.05,0.15,911,0.04,0.05,3870.568,753.364,0,0,0,0,0.06,0.06,0,0,22
2021-07-12,0.05,0.15,855,0.04,0.05,3870.568,753.364,0,0,0,0,0.05,0.05,0,0,19
2021-07-13,0.05,0.15,875,0.04,0.05,3870.568,753.364,115,115,0,6.5118515,0.05,0.05,0,0,18
2021-07-14,0.05,0.15,908,0.04,0.05,3903.058,704.918,0,0,0,0,0.06,0.06,0,0,17
2021-07-15,0.05,0.15,933,0.05,0.06,3903.058,704.918,294,174,120,36.7867858,0.05,0.05,0,0,16
2021-07-16,0.05,0.15,864,0.04,0.05,3903.058,704.918,0,0,0,0,0.05,0.05,0,0,15
2021-07-19,0.05,0.15,888,0.03,0.05,3903.058,704.918,0,0,0,0,0.05,0.05,0,0,12
2021-07-20,0.05,0.15,855,0.04,0.05,3903.058,704.918,105,105,0,5.3656716,0.05,0.05,0,0,11
2021-07-21,0.05,0.15,913,0.03,0.05,3972.94,678.103,0,0,0,0,0.04,0.05,0,0,10
2021-07-22,0.05,0.15,849,0.04,0.05,3972.94,678.103,140,140,0,13.9187112,0.04,0.05,0,0,9
2021-07-23,0.05,0.15,861,0.04,0.05,3972.94,678.103,0,0,0,0,0.05,0.05,0,0,8
2021-07-26,0.05,0.15,881,0.04,0.05,3972.94,678.103,0,0,0,0,0.05,0.05,0,0,5
2021-07-27,0.05,0.15,874,0.04,0.05,3972.94,678.103,105,105,0,6.4325722,0.04,0.05,0,0,4
2021-07-28,0.05,0.15,862,0.04,0.05,3984.371,578.204,0,0,0,0,0.04,0.05,0,0,3
2021-07-29,0.05,0.15,877,0.04,0.05,3984.371,578.204,125,125,0,13.1007222,0.05,0.06,0,0,2
2021-07-30,0.05,0.15,903,0.03,0.05,3984.371,578.204,16,0,16,0,0.05,0.06,0,0,1
2021-08-02,0.05,0.15,986,0.05,0.06,3984.371,578.204,235,0,235,22.5042999,0.05,0.05,0,0,29
2021-08-03,0.05,0.15,974,0.05,0.06,3984.371,578.204,105,105,0,6.294794,0.05,0.05,0,0,28
2021-08-04,0.05,0.15,926,0.05,0.06,4005.578,492.668,0,0,0,0,0.05,0.05,0,0,27
2021-08-05,0.05,0.15,901,,,4005.578,492.668,125,125,0,14.7508552,0.05,0.05,0,0,26
2021-08-06,0.05,0.15,891,0.05,0.06,4005.578,492.668,0,0,0,0,0.04,0.06,0,0,25
2021-08-09,0.05,0.15,884,0.05,0.06,4005.578,492.668,0,0,0,0,0.04,0.06,0,0,22
2021-08-10,0.05,0.15,865,0.04,0.05,4005.578,492.668,105,105,0,6.5270743,0.05,0.05,0,0,21
2021-08-11,0.05,0.15,904,0.04,0.05,4090.506,434.919,0,0,0,0,0.05,0.05,0,0,20
2021-08-12,0.05,0.15,909,0.04,0.05,4090.506,434.919,159,159,0,15.727979,0.05,0.06,0,0,19
2021-08-13,0.05,0.15,893,0.04,0.05,4090.506,434.919,0,0,0,0,0.04,0.06,0,0,18
2021-08-16,0.05,0.15,906,0.05,0.06,4090.506,434.919,126,0,126,56.2138365,0.04,0.06,0,0,15
2021-08-17,0.05,0.15,905,0.05,0.05,4090.506,434.919,105,105,0,5.55702,0.03,0.07,0,0,14
2021-08-18,0.05,0.15,935,0.04,0.05,4186.711,338.808,0,0,0,0,0.03,0.07,0,0,13
2021-08-19,0.05,0.15,925,0.03,0.05,4186.711,338.808,169,169,0,13.8632163,0.04,0.06,0,0,12
2021-08-20,0.05,0.15,902,0.03,0.05,4186.711,338.808,0,0,0,0,0.04,0.05,0,0,11
2021-08-23,0.05,0.15,899,0.03,0.05,4186.711,338.808,0,0,0,0,0.04,0.05,0,0,8
2021-08-24,0.05,0.15,923,0.04,0.05,4186.711,338.808,95,95,0,6.662133,0.03,0.05,0,0,7
2021-08-25,0.05,0.15,912,0.04,0.05,4167.748,301.43,0,0,0,0,0.04,0.06,0,0,6
2021-08-26,0.05,0.15,864,0.05,0.05,4167.748,301.43,139,139,0,10.9523119,0.04,0.05,0,0,5
2021-08-27,0.05,0.15,920,0.04,0.05,4167.748,301.43,26,0,26,0,0.04,0.05,0,0,4
2021-08-30,0.05,0.15,885,0.04,0.05,4167.748,301.43,0,0,0,0,0.04,0.05,0,0,1
2021-08-31,0.05,0.15,953,0.05,0.06,4167.748,301.43,308,90,218,33.9093235,0.03,0.04,0,0,0
2021-09-01,0.05,0.15,936,0.05,0.06,4193.981,277.65,0,0,0,0,0.04,0.05,0,0,29
2021-09-02,0.05,0.15,952,0.05,0.06,4193.981,277.65,144,144,0,14.4042061,0.05,0.05,0,0,28
2021-09-03,0.05,0.15,883,0.05,0.06,4193.981,277.65,0,0,0,0,0.04,0.05,0,0,27
2021-09-07,0.05,0.15,945,0.05,0.06,4193.981,277.65,85,85,0,6.737032,0.04,0.05,0,0,23
2021-09-08,0.05,0.15,896,0.05,0.05,4250.506,253.496,0,0,0,0,0.05,0.05,0,0,22
2021-09-09,0.05,0.15,917,0.05,0.05,4250.506,253.496,178,178,0,13.3754071,0.07,0.04,0,0,21
2021-09-10,0.05,0.15,891,0.05,0.06,4250.506,253.496,0,0,0,0,0.06,0.05,0,0,20
2021-09-13,0.05,0.15,914,0.05,0.05,4250.506,253.496,0,0,0,0,0.06,0.06,0,0,17
2021-09-14,0.05,0.15,893,0.04,0.05,4250.506,253.496,80,80,0,5.467724,0.05,0.04,0,0,16
2021-09-15,0.05,0.15,942,0.05,0.06,4271.184,230.328,120,0,120,12.778,0.04,0.04,0,1,15
2021-09-16,0.05,0.15,905,0.05,0.05,4271.184,230.328,93,93,0,10.2566818,0.06,0.04,0,1,14
2021-09-17,0.05,0.15,884,0.04,0.05,4271.184,230.328,0,0,0,0,0.06,0.04,0,1,13
2021-09-20,0.05,0.15,928,0.03,0.05,4271.184,230.328,0,0,0,0,0.06,0.04,0,0,10
2021-09-21,0.05,0.15,894,0.03,0.05,4271.184,230.328,75,75,0,6.5891694,0.05,0.03,0,0,9
2021-09-22,0.05,0.15,879,0.03,0.05,4156.747,308.022,0,0,0,0,0.04,0.03,0,0,8
2021-09-23,0.05,0.15,878,0.03,0.05,4156.747,308.022,90,90,0,3.9798793,0.05,0.03,0,0,7
2021-09-24,0.05,0.15,896,0.04,0.05,4156.747,308.022,26,0,26,0,0.06,0.03,0,0,6
2021-09-27,0.05,0.15,927,0.04,0.05,4156.747,308.022,0,0,0,0,0.06,0.04,0,0,3
2021-09-28,0.05,0.15,883,0.04,0.05,4156.747,308.022,65,65,0,6.1972853,0.07,0.04,0,0,2
2021-09-29,0.05,0.15,872,0.03,0.05,4125.348,197.744,0,0,0,0,0.05,0.04,0,0,1
2021-09-30,0.05,0.15,939,0.03,0.05,4125.348,197.744,305,84,221,41.0455181,0.07,0.04,1,0,0
2021-10-01,0.05,0.15,928,0.04,0.05,4125.348,197.744,0,0,0,0,0.08,0.04,0,0,30
2021-10-04,0.05,0.15,925,0.04,0.05,4125.348,197.744,0,0,0,0,0.1,0.04,0,0,27
2021-10-05,0.05,0.15,916,0.04,0.05,4125.348,197.744,65,65,0,6.1082553,0.11,0.04,0,0,26
2021-10-06,0.05,0.15,902,0.04,0.05,4130.05,135.582,0,0,0,0,0.06,0.04,0,0,25
2021-10-07,0.05,0.15,911,0.04,0.05,4130.05,135.582,143,143,0,19.5426554,0.03,0.05,0,0,24
2021-10-08,0.05,0.15,887,0.04,0.05,4130.05,135.582,0,0,0,0,0.02,0.05,0,0,23
2021-10-12,0.05,0.15,925,0.03,0.05,4130.05,135.582,65,65,0,4.7803656,0.02,0.06,0,0,19
2021-10-13,0.05,0.15,907,0.03,0.05,4194.503,77.858,40,40,0,0,0.02,0.05,0,0,18
2021-10-14,0.05,0.15,873,0.03,0.05,4194.503,77.858,84,84,0,12.5316285,0.05,0.05,0,0,17
2021-10-15,0.05,0.15,889,0.02,0.05,4194.503,77.858,120,0,120,9.029,0.04,0.05,0,0,16
2021-10-18,0.05,0.15,879,0.01,0.05,4194.503,77.858,60,60,0,0,0.04,0.06,0,0,13
2021-10-19,0.03,0.15,875,0.01,0.05,4194.503,77.858,85,85,0,5.2712204,0.05,0.05,0,0,12
2021-10-20,0.03,0.15,857,0,0.05,4134.714,83.386,0,0,0,0,0.05,0.05,0,0,11
2021-10-21,0.03,0.15,879,0,0.05,4134.714,83.386,153,153,0,13.5266898,0.06,0.06,0,0,10
2021-10-22,0.05,0.15,863,0.02,0.05,4134.714,83.386,60,60,0,0,0.05,0.06,0,0,9
2021-10-25,0.04,0.15,858,0.02,0.05,4134.714,83.386,0,0,0,0,0.06,0.06,0,0,6
2021-10-26,0.05,0.15,877,0.02,0.05,4134.714,83.386,125,125,0,5.0303677,0.06,0.06,0,0,5
2021-10-27,0.05,0.15,865,0.02,0.05,4077.17,213.291,0,0,0,0,0.06,0.06,0,0,4
2021-10-28,0.05,0.15,871,0.02,0.05,4077.17,213.291,142,142,0,12.5609522,0.06,0.06,0,0,3
2021-10-29,0.05,0.15,847,0.02,0.05,4077.17,213.291,19,0,19,0,0.06,0.05,0,0,2
2021-11-01,0.05,0.15,959,0.03,0.05,4077.17,213.291,235,0,235,23.8914515,0.05,0.05,0,0,29
2021-11-02,0.05,0.15,910,0.04,0.05,4077.17,213.291,125,125,0,5.4199605,0.05,0.05,0,0,28
2021-11-03,0.05,0.15,877,0.04,0.05,4086.336,280.205,0,0,0,0,0.05,0.05,0,0,27
2021-11-04,0.05,0.15,925,0.04,0.05,4086.336,280.205,136,136,0,20.426299,0.05,0.04,0,0,26
2021-11-05,0.05,0.15,875,0.04,0.05,4086.336,280.205,0,0,0,0,0.05,0.05,0,0,25
2021-11-08,0.05,0.15,907,0.04,0.05,4086.336,280.205,0,0,0,0,0.04,0.06,0,0,22
2021-11-09,0.05,0.15,908,0.04,0.05,4086.336,280.205,75,75,0,4.6464532,0.04,0.04,0,0,21
2021-11-10,0.05,0.15,871,0.04,0.05,4169.041,259.293,0,0,0,0,0.06,0.05,0,0,20
2021-11-12,0.05,0.15,868,0.04,0.05,4169.041,259.293,102,102,0,11.7691712,0.05,0.05,0,0,18
2021-11-15,0.05,0.15,958,0.04,0.05,4169.041,259.293,120,0,120,69.4147002,0.06,0.05,0,0,15
2021-11-16,0.05,0.15,924,0.04,0.05,4169.041,259.293,75,75,0,7.0283898,0.06,0.05,0,0,14
2021-11-17,0.05,0.15,893,0.03,0.05,4209.802,211.453,0,0,0,0,0.06,0.05,0,0,13
2021-11-18,0.05,0.15,898,0.03,0.05,4209.802,211.453,168,168,0,13.9068651,0.12,0.05,0,0,12
2021-11-19,0.05,0.15,895,0.03,0.05,4209.802,211.453,0,0,0,0,0.11,0.05,0,0,11
2021-11-22,0.05,0.15,930,0.03,0.05,4209.802,211.453,0,0,0,0,0.07,0.05,0,0,8
2021-11-23,0.05,0.15,920,0.03,0.05,4209.802,211.453,115,115,0,7.9774801,0.06,0.06,0,0,7
2021-11-24,0.05,0.15,887,0.04,0.05,4162.81,164.087,0,0,0,0,0.14,0.06,0,0,6
2021-11-26,0.05,0.15,895,0.04,0.06,4162.81,164.087,172,148,24,10.657846,0.11,0.06,0,0,4
2021-11-29,0.05,0.15,953,0.04,0.05,4162.81,164.087,0,0,0,0,0.07,0.06,0,0,1
2021-11-30,0.05,0.15,1067,0.04,0.06,4162.81,164.087,348,135,213,25.7451106,0.11,0.05,0,0,0
2021-12-01,0.05,0.15,1088,0.05,0.06,4224.865,152.651,0,0,0,0,0.1,0.06,0,0,30
2021-12-02,0.05,0.15,1031,0.04,0.06,4224.865,152.651,172,172,0,19.5701425,0.05,0.05,0,0,29
2021-12-03,0.05,0.15,1015,0.04,0.06,4224.865,152.651,0,0,0,0,0.04,0.06,0,0,28
2021-12-06,0.05,0.15,994,0.04,0.06,4224.865,152.651,0.025,0,0.025,0,0.05,0.06,0,0,25
2021-12-07,0.05,0.15,989,0.04,0.06,4224.865,152.651,115,115,0,4.7421049,0.05,0.06,0,0,24
2021-12-08,0.05,0.15,978,0.05,0.06,4275.806,115.117,0,0,0,0,0.04,0.07,0,0,23
2021-12-09,0.05,0.15,973,0.04,0.06,4275.806,115.117,108,108,0,9.7745085,0.03,0.06,0,0,22
2021-12-10,0.05,0.15,919,0.04,0.06,4275.806,115.117,0,0,0,0,0.03,0.06,0,0,21
2021-12-13,0.05,0.15,936,0.03,0.05,4275.806,115.117,0,0,0,0,0.01,0.05,0,0,18
2021-12-14,0.05,0.15,919,0.03,0.05,4275.806,115.117,70,70,0,4.6437216,0.01,0.05,0,0,17
2021-12-15,0.05,0.15,959,0.03,0.05,4251.431,104.798,112,0,112,16.515,0.03,0.06,0,1,16
2021-12-16,0.05,0.15,914,0.02,0.05,4251.431,104.798,108,108,0,10.5847393,0.04,0.05,0,1,15
2021-12-17,0.05,0.15,910,0.02,0.05,4251.431,104.798,0,0,0,0,0.03,0.05,0,1,14
2021-12-20,0.04,0.15,905,0.01,0.05,4251.431,104.798,0,0,0,0,0.03,0.07,0,0,11
2021-12-21,0.05,0.15,896,0.01,0.05,4251.431,104.798,150,150,0,3.7588,0.03,0.07,0,0,10
2021-12-22,0.05,0.15,893,0.02,0.05,4185.009,84.954,60,60,0,0,0.03,0.08,0,0,9
2021-12-23,0.05,0.15,880,0.03,0.05,4185.009,84.954,111,111,0,3.9407104,0.04,0.08,0,0,8
2021-12-27,0.05,0.15,888,0.02,0.05,4185.009,84.954,0,0,0,0,0.04,0.06,0,0,4
2021-12-28,0.05,0.15,844,0.03,0.05,4185.009,84.954,130,130,0,3.93379,0.03,0.06,0,0,3
2021-12-29,0.05,0.15,869,0.02,0.05,4116.196,211.849,0,0,0,0,0.01,0.05,0,0,2
2021-12-30,0.05,0.15,836,0.02,0.05,4116.196,211.849,145,145,0,20.4631704,0.06,0.05,0,0,1
2021-12-31,0.05,0.15,923,0.03,0.05,4116.196,211.849,230,0,230,31.2477819,0.06,0.06,1,0,0
2022-01-03,0.05,0.15,972,0.04,0.06,4116.196,211.849,0,0,0,0,0.05,0.09,0,0,28
2022-01-04,0.05,0.15,976,0.05,0.06,4116.196,211.849,130,130,0,4.6737823,0.06,0.08,0,0,27
2022-01-05,0.05,0.15,946,0.04,0.06,3859.731,389.751,0,0,0,0,0.05,0.09,0,0,26
2022-01-06,0.05,0.15,942,0.04,0.06,3859.731,389.751,111,111,0,13.810205,0.04,0.1,0,0,25
2022-01-07,0.05,0.15,929,0.04,0.05,3859.731,389.751,0,0,0,0,0.05,0.1,0,0,24
2022-01-10,0.05,0.15,919,0.03,0.05,3859.731,389.751,0,0,0,0,0.05,0.13,0,0,21
2022-01-11,0.05,0.15,935,0.03,0.05,3859.731,389.751,130,130,0,6.347056,0.04,0.12,0,0,20
2022-01-12,0.05,0.15,891,0.03,0.05,3973.554,456.401,0,0,0,0,0.04,0.12,0,0,19
2022-01-13,0.05,0.15,892,0.02,0.05,3973.554,456.401,111,111,0,12.5150372,0.05,0.12,0,0,18
2022-01-14,0.05,0.15,874,0.02,0.05,3973.554,456.401,0,0,0,0,0.05,0.13,0,0,17
2022-01-18,0.05,0.15,954,0.03,0.05,3973.554,456.401,240,130,110,25.3978156,0.05,0.17,0,0,13
2022-01-19,0.05,0.15,917,0.02,0.05,3932.521,488.697,0,0,0,0,0.05,0.17,0,0,12
2022-01-20,0.04,0.15,927,0.02,0.05,3932.521,488.697,111,111,0,13.7420342,0.05,0.18,0,0,11
2022-01-21,0.05,0.15,875,0.01,0.05,3932.521,488.697,0,0,0,0,0.05,0.17,0,0,10
2022-01-24,0.04,0.15,886,0.01,0.05,3932.521,488.697,0,0,0,0,0.05,0.2,0,0,7
2022-01-25,0.05,0.15,943,0.01,0.05,3932.521,488.697,130,130,0,8.0346489,0.05,0.2,0,0,6
2022-01-26,0.04,0.15,926,0.02,0.05,3796.174,614.877,0,0,0,0,0.05,0.19,0,0,5
2022-01-27,0.04,0.15,913,0.02,0.05,3796.174,614.877,145,145,0,17.6489637,0.04,0.2,0,0,4
2022-01-28,0.05,0.15,908,0.01,0.05,3796.174,614.877,0,0,0,0,0.04,0.19,0,0,3
2022-01-31,0.05,0.15,1019,0.02,0.05,3796.174,614.877,224,0,224,33.4796469,0.03,0.24,0,0,0
2022-02-01,0.05,0.15,985,0.03,0.05,3796.174,614.877,130,130,0,5.9837635,0.04,0.2,0,0,27
2022-02-02,0.05,0.15,927,0.03,0.05,3789.714,675.773,0,0,0,0,0.04,0.2,0,0,26
2022-02-03,0.05,0.15,935,0.03,0.05,3789.714,675.773,111,111,0,15.2751433,0.03,0.21,0,0,25
2022-02-04,0.05,0.15,891,0.03,0.05,3789.714,675.773,0,0,0,0,0.05,0.23,0,0,24
2022-02-07,0.05,0.15,905,0.02,0.05,3789.714,675.773,0,0,0,0,0.03,0.28,0,0,21
2022-02-08,0.05,0.15,896,0.01,0.05,3789.714,675.773,130,130,0,6.8430863,0.03,0.27,0,0,20
2022-02-09,0.04,0.15,911,0.01,0.05,3771.911,686.384,0,0,0,0,0.03,0.27,0,0,19
2022-02-10,0.05,0.15,914,0.01,0.05,3771.911,686.384,111,111,0,12.001435,0.05,0.42,0,0,18
2022-02-11,0.05,0.15,903,0.02,0.05,3771.911,686.384,0,0,0,0,0.03,0.38,0,0,17
2022-02-14,0.05,0.15,895,0.02,0.05,3771.911,686.384,0,0,0,0,0.03,0.46,0,0,14
2022-02-15,0.05,0.15,972,0.03,0.05,3771.911,686.384,240,130,110,72.559068,0.02,0.42,0,0,13
2022-02-16,0.05,0.15,960,0.03,0.05,3799.973,692.541,0,0,0,0,0.03,0.4,0,0,12
2022-02-17,0.05,0.15,911,0.03,0.05,3799.973,692.541,111,111,0,14.0612938,0.06,0.38,0,0,11
2022-02-18,0.05,0.15,931,0.03,0.05,3799.973,692.541,0,0,0,0,0.03,0.36,0,0,10
2022-02-22,0.05,0.15,930,0.03,0.05,3799.973,692.541,130,130,0,6.212045,0.03,0.4,0,0,6
2022-02-23,0.05,0.15,902,0.03,0.05,3769.869,697.838,0,0,0,0,0.02,0.37,0,0,5
2022-02-24,0.05,0.15,924,0.03,0.05,3769.869,697.838,145,145,0,14.7071283,0.05,0.33,0,0,4
2022-02-25,0.05,0.15,962,0.04,0.06,3769.869,697.838,22,0,22,0,0.03,0.33,0,0,3
2022-02-28,0.05,0.15,1052,0.05,0.07,3769.869,697.838,183,0,183,31.3507608,0.06,0.38,0,0,0
2022-03-01,0.05,0.15,1062,0.05,0.06,3769.869,697.838,115,115,0,5.4015496,0.1,0.32,0,0,30
2022-03-02,0.05,0.15,1023,0.05,0.06,3844.716,682.903,0,0,0,0,0.12,0.33,0,0,29
2022-03-03,0.05,0.15,1001,0.05,0.06,3844.716,682.903,111,111,0,14.8394781,0.19,0.38,0,0,28
2022-03-04,0.05,0.15,961,0.05,0.06,3844.716,682.903,0,0,0,0,0.15,0.33,0,0,27
2022-03-07,0.05,0.15,990,0.05,0.06,3844.716,682.903,0,0,0,0,0.17,0.39,0,0,24
2022-03-08,0.05,0.15,948,0.05,0.06,3844.716,682.903,115,115,0,6.6226284,0.15,0.37,0,0,23
2022-03-09,0.05,0.15,952,0.05,0.06,3959.659,652.039,0,0,0,0,0.17,0.39,0,0,22
2022-03-10,0.05,0.15,977,0.03,0.05,3959.659,652.039,111,111,0,9.9859829,0.19,0.39,0,0,21
2022-03-11,0.05,0.15,980,0.03,0.05,3959.659,652.039,0,0,0,0,0.17,0.4,0,0,20
2022-03-14,0.05,0.15,980,0.02,0.05,3959.659,652.039,0,0,0,0,0.22,0.46,0,0,17
2022-03-15,0.05,0.15,1014,0.03,0.05,3959.659,652.039,217,115,102,23.9224479,0.21,0.47,0,0,16
2022-03-16,0.05,0.15,1016,0.03,0.05,3961.721,570.606,0,0,0,0,0.23,0.44,0,0,15
2022-03-17,0.3,0.4,1003,0.27,0.3,3961.721,570.606,111,111,0,10.5493007,0.2,0.41,0,0,14
2022-03-18,0.3,0.4,968,0.26,0.3,3961.721,570.606,0,0,0,0,0.19,0.42,0,0,13
2022-03-21,0.29,0.4,989,0.26,0.3,3961.721,570.606,0,0,0,0,0.21,0.56,0,0,10
2022-03-22,0.28,0.4,931,0.25,0.3,3961.721,570.606,115,115,0,7.0220912,0.2,0.52,0,0,9
2022-03-23,0.27,0.4,908,0.24,0.3,3801.095,614.616,0,0,0,0,0.14,0.51,0,0,8
2022-03-24,0.27,0.4,900,0.24,0.3,3801.095,614.616,139,139,0,5.3294034,0.16,0.51,0,0,7
2022-03-25,0.28,0.4,901,0.25,0.3,3801.095,614.616,22,0,22,0,0.17,0.54,0,0,6
2022-03-28,0.28,0.4,899,0.25,0.3,3801.095,614.616,0,0,0,0,0.18,0.61,0,0,3
2022-03-29,0.28,0.4,874,0.25,0.3,3801.095,614.616,95,95,0,5.6978221,0.17,0.57,0,0,2
2022-03-30,0.27,0.4,900,0.24,0.3,3829.68,575.065,0,0,0,0,0.13,0.56,0,0,1
2022-03-31,0.29,0.4,979,0.26,0.3,3829.68,575.065,283,105,178,48.8194105,0.17,0.52,1,0,0
2022-04-01,0.3,0.4,974,0.27,0.3,3829.68,575.065,0,0,0,0,0.15,0.53,0,0,29
2022-04-04,0.3,0.4,940,0.27,0.3,3829.68,575.065,0,0,0,0,0.17,0.68,0,0,26
2022-04-05,0.3,0.4,929,0.27,0.3,3829.68,575.065,95,95,0,6.7666001,0.17,0.66,0,0,25
2022-04-06,0.3,0.4,905,0.27,0.3,3834.183,574.451,0,0,0,0,0.19,0.68,0,0,24
2022-04-07,0.3,0.4,906,0.27,0.3,3834.183,574.451,105,105,0,14.4208361,0.21,0.69,0,0,23
2022-04-08,0.3,0.4,905,0.27,0.3,3834.183,574.451,0,0,0,0,0.2,0.7,0,0,22
2022-04-11,0.3,0.4,886,0.27,0.3,3834.183,574.451,0,0,0,0,0.21,0.79,0,0,19
2022-04-12,0.29,0.4,883,0.27,0.3,3834.183,574.451,95,95,0,6.4888041,0.19,0.75,0,0,18
2022-04-13,0.29,0.4,874,0.27,0.3,3823.644,547.308,0,0,0,0,0.23,0.76,0,0,17
2022-04-14,0.29,0.4,886,0.27,0.3,3823.644,547.308,105,105,0,13.0306992,0.38,0.79,0,0,16
2022-04-18,0.29,0.4,896,0.27,0.3,3823.644,547.308,100,0,100,23.8544164,0.38,0.83,0,1,12
2022-04-19,0.28,0.4,895,0.26,0.3,3823.644,547.308,95,95,0,6.7108351,0.35,0.83,0,1,11
2022-04-20,0.27,0.4,912,0.24,0.3,3652.101,711.406,0,0,0,0,0.33,0.83,0,1,10
2022-04-21,0.26,0.4,906,0.23,0.3,3652.101,711.406,139,139,0,17.9830924,0.51,0.83,0,0,9
2022-04-22,0.27,0.4,901,0.24,0.3,3652.101,711.406,0,0,0,0,0.47,0.83,0,0,8
2022-04-25,0.27,0.4,898,0.25,0.3,3652.101,711.406,0,0,0,0,0.4,0.95,0,0,5
2022-04-26,0.27,0.4,897,0.25,0.3,3652.101,711.406,95,95,0,5.431236,0.37,0.85,0,0,4
2022-04-27,0.28,0.4,882,0.26,0.3,3331.982,944.328,0,0,0,0,0.35,0.83,0,0,3
2022-04-28,0.28,0.4,892,0.26,0.3,3331.982,944.328,96,96,0,13.2140558,0.38,0.82,0,0,2
2022-04-29,0.28,0.4,915,0.26,0.3,3331.982,944.328,20,0,20,0,0.38,0.84,0,0,1
2022-05-02,0.3,0.4,984,0.27,0.3,3331.982,944.328,181,0,181,25.0956064,0.39,0.91,0,0,29
2022-05-03,0.3,0.4,923,0.28,0.3,3331.982,944.328,95,95,0,6.5409538,0.45,0.91,0,0,28
2022-05-04,0.3,0.4,947,0.27,0.3,3296.085,945.478,0,0,0,0,0.46,0.89,0,0,27
2022-05-05,0.79,0.9,992,0.77,0.8,3296.085,945.478,87,87,0,15.4661163,0.5,0.85,0,0,26
2022-05-06,0.78,0.9,979,0.76,0.8,3296.085,945.478,0,0,0,0,0.49,0.85,0,0,25
2022-05-09,0.78,0.9,931,0.76,0.8,3296.085,945.478,0,0,0,0,0.5,0.93,0,0,22
2022-05-10,0.78,0.9,914,0.76,0.8,3296.085,945.478,95,95,0,6.4621674,0.56,0.9,0,0,21
2022-05-11,0.78,0.9,925,0.76,0.8,3288.552,945.658,0,0,0,0,0.57,0.91,0,0,20
2022-05-12,0.79,0.9,922,0.77,0.8,3288.552,945.658,87,87,0,12.0256957,0.61,0.97,0,0,19
2022-05-13,0.79,0.9,917,0.77,0.8,3288.552,945.658,0,0,0,0,0.67,1.03,0,0,18
2022-05-16,0.8,0.9,1013,0.78,0.81,3288.552,945.658,103,0,103,72.0831389,0.63,1.09,0,0,15
2022-05-17,0.8,0.9,977,0.78,0.81,3288.552,945.658,95,95,0,6.6856915,0.59,1.08,0,0,14
2022-05-18,0.79,0.9,939,0.77,0.8,3356.377,886.964,0,0,0,0,0.51,1.04,0,0,13
2022-05-19,0.79,0.9,982,0.77,0.8,3356.377,886.964,121,121,0,18.4274056,0.66,1.06,0,0,12
2022-05-20,0.78,0.9,943,0.76,0.8,3356.377,886.964,0,0,0,0,0.63,1.03,0,0,11
2022-05-23,0.78,0.9,984,0.76,0.8,3356.377,886.964,0,0,0,0,0.53,1.09,0,0,8
2022-05-24,0.78,0.9,968,0.76,0.8,3356.377,886.964,95,95,0,5.5542757,0.52,1.07,0,0,7
2022-05-25,0.78,0.9,942,0.76,0.8,3306.18,821.535,0,0,0,0,0.53,1.07,0,0,6
2022-05-26,0.78,0.9,955,0.76,0.8,3306.18,821.535,87,87,0,11.11858,0.71,1.08,0,0,5
2022-05-27,0.78,0.9,963,0.76,0.8,3306.18,821.535,22,0,22,0,0.69,1.08,0,0,4
2022-05-31,0.79,0.9,1040,0.77,0.8,3306.18,821.535,263,95,168,31.9016848,0.72,1.15,0,0,0
2022-06-01,0.8,0.9,994,0.77,0.8,3322.03,789.532,0,0,0,0,0.76,1.14,0,0,29
2022-06-02,0.79,0.9,974,0.77,0.8,3322.03,789.532,87,87,0,15.0500528,0.85,1.15,0,0,28
2022-06-03,0.78,0.9,954,0.76,0.8,3322.03,789.532,0,0,0,0,0.87,1.19,0,0,27
2022-06-06,0.78,0.9,959,0.76,0.8,3322.03,789.532,0,0,0,0,0.88,1.25,0,0,24
2022-06-07,0.77,0.9,947,0.75,0.8,3322.03,789.532,95,95,0,6.4744612,0.86,1.26,0,0,23
2022-06-08,0.76,0.9,959,0.74,0.8,3339.405,723.384,0,0,0,0,0.87,1.27,0,0,22
2022-06-09,0.75,0.9,985,0.74,0.8,3339.405,723.384,87,87,0,10.0135687,1.06,1.28,0,0,21
2022-06-10,0.75,0.9,960,0.73,0.79,3339.405,723.384,0,0,0,0,1.11,1.36,0,0,20
2022-06-13,0.73,0.9,970,0.71,0.78,3339.405,723.384,0,0,0,0,1.13,1.72,0,0,17
2022-06-14,0.69,0.9,925,0.67,0.75,3339.405,723.384,95,95,0,6.6972963,1.17,1.81,0,0,16
2022-06-15,0.7,0.9,917,0.68,0.75,3283.954,656.87,96,0,96,5.6447302,1.18,1.72,0,1,15
2022-06-16,1.45,1.65,976,1.42,1.49,3283.954,656.87,121,121,0,14.0320241,1.2,1.57,0,1,14
2022-06-17,1.45,1.65,923,1.43,1.49,3283.954,656.87,0,0,0,0,1.15,1.61,0,1,13
2022-06-21,1.45,1.65,957,1.43,1.48,3283.954,656.87,95,95,0,5.4974882,1.06,1.69,0,0,9
2022-06-22,1.45,1.65,942,1.43,1.49,3147.556,758.283,0,0,0,0,0.93,1.6,0,0,8
2022-06-23,1.44,1.65,944,1.42,1.48,3147.556,758.283,87,87,0,3.9960355,1.13,1.62,0,0,7
2022-06-24,1.46,1.65,926,1.43,1.5,3147.556,758.283,22,0,22,0,1.2,1.69,0,0,6
2022-06-27,1.5,1.65,945,1.47,1.54,3147.556,758.283,0,0,0,0,1.15,1.78,0,0,3
2022-06-28,1.52,1.65,929,1.48,1.55,3147.556,758.283,95,95,0,6.5970316,1.09,1.78,0,0,2
2022-06-29,1.51,1.65,940,1.48,1.54,3130.087,756.627,0,0,0,0,1.08,1.76,0,0,1
2022-06-30,1.5,1.65,995,1.47,1.53,3130.087,756.627,252,87,165,28.321324,1.28,1.69,1,0,0
2022-07-01,1.52,1.65,1001,1.48,1.55,3130.087,756.627,0,0,0,0,1.28,1.69,0,0,30
2022-07-05,1.54,1.65,1042,1.5,1.55,3130.087,756.627,95,95,0,6.4687872,1.29,1.89,0,0,26
2022-07-06,1.54,1.65,966,1.5,1.55,3190.627,700.457,0,0,0,0,1.31,1.88,0,0,25
2022-07-07,1.54,1.65,966,1.5,1.55,3190.627,700.457,87,87,0,14.1736832,1.55,1.93,0,0,24
2022-07-08,1.53,1.65,942,1.5,1.55,3190.627,700.457,0,0,0,0,1.57,1.95,0,0,23
2022-07-11,1.53,1.65,930,1.5,1.55,3190.627,700.457,0,0,0,0,1.55,2.17,0,0,20
2022-07-12,1.54,1.65,941,1.5,1.55,3190.627,700.457,95,95,0,6.6919402,1.59,2.2,0,0,19
2022-07-13,1.53,1.65,924,1.5,1.55,3273.436,652.572,0,0,0,0,1.71,2.38,0,0,18
2022-07-14,1.53,1.65,934,1.5,1.55,3273.436,652.572,127,127,0,16.990109,1.99,2.38,0,0,17
2022-07-15,1.54,1.65,950,1.51,1.55,3273.436,652.572,95,0,95,12.1084622,1.98,2.33,0,0,16
2022-07-18,1.54,1.65,947,1.51,1.55,3273.436,652.572,0.025,0,0.025,0,1.94,2.49,0,0,13
2022-07-19,1.54,1.65,933,1.51,1.55,3273.436,652.572,115,115,0,5.5236978,1.9,2.51,0,0,12
2022-07-20,1.53,1.65,916,1.5,1.55,3284.324,613.878,0,0,0,0,1.87,2.49,0,0,11
2022-07-21,1.53,1.65,960,1.5,1.55,3284.324,613.878,96,96,0,13.6882693,2.15,2.45,0,0,10
2022-07-22,1.52,1.65,931,1.5,1.54,3284.324,613.878,0,0,0,0,2.15,2.46,0,0,9
2022-07-25,1.53,1.65,985,1.5,1.55,3284.324,613.878,0,0,0,0,2.13,2.6,0,0,6
2022-07-26,1.53,1.65,951,1.5,1.55,3284.324,613.878,135,135,0,6.6192162,2.15,2.53,0,0,5
2022-07-27,1.53,1.65,941,1.5,1.55,3256.875,602.945,0,0,0,0,2.12,2.42,0,0,4
2022-07-28,2.28,2.4,965,2.25,2.3,3256.875,602.945,96,96,0,13.2275338,2.18,2.4,0,0,3
2022-07-29,2.27,2.4,949,2.25,2.29,3256.875,602.945,17,0,17,0,2.19,2.39,0,0,2
2022-08-01,2.28,2.4,1035,2.25,2.3,3256.875,602.945,167,0,167,14.4892451,2.18,2.53,0,0,30
2022-08-02,2.3,2.4,1015,2.27,2.32,3256.875,602.945,135,135,0,6.471406,2.18,2.53,0,0,29
2022-08-03,2.29,2.4,984,2.26,2.31,3259.011,594.115,0,0,0,0,2.17,2.49,0,0,28
2022-08-04,2.29,2.4,981,2.26,2.3,3259.011,594.115,96,96,0,15.0180244,2.15,2.46,0,0,27
2022-08-05,2.28,2.4,965,2.26,2.3,3259.011,594.115,0,0,0,0,2.17,2.53,0,0,26
2022-08-08,2.28,2.4,950,2.26,2.3,3259.011,594.115,0,0,0,0,2.17,2.62,0,0,23
2022-08-09,2.29,2.4,947,2.26,2.3,3259.011,594.115,135,135,0,6.6944123,2.17,2.63,0,0,22
2022-08-10,2.28,2.4,970,2.26,2.3,3348.147,557.265,0,0,0,0,2.18,2.61,0,0,21
2022-08-11,2.28,2.4,965,2.26,2.3,3348.147,557.265,130,130,0,15.5814918,2.2,2.57,0,0,20
2022-08-12,2.28,2.4,966,2.26,2.3,3348.147,557.265,0,0,0,0,2.19,2.58,0,0,19
2022-08-15,2.29,2.4,1014,2.26,2.31,3348.147,557.265,98,0,98,61.9833993,2.21,2.68,0,0,16
2022-08-16,2.29,2.4,974,2.26,2.31,3348.147,557.265,135,135,0,5.4616128,2.19,2.66,0,0,15
2022-08-17,2.29,2.4,966,2.26,2.3,3346.75,545.321,0,0,0,0,2.14,2.64,0,0,14
2022-08-18,2.28,2.4,973,2.26,2.3,3346.75,545.321,96,96,0,13.3137618,2.19,2.66,0,0,13
2022-08-19,2.28,2.4,960,2.26,2.3,3346.75,545.321,0,0,0,0,2.19,2.69,0,0,12
2022-08-22,2.28,2.4,994,2.25,2.3,3346.75,545.321,0,0,0,0,2.21,2.8,0,0,9
2022-08-23,2.27,2.4,952,2.25,2.3,3346.75,545.321,135,135,0,6.5119923,2.2,2.77,0,0,8
2022-08-24,2.27,2.4,969,2.25,2.3,3307.365,535.267,0,0,0,0,2.2,2.79,0,0,7
2022-08-25,2.28,2.4,970,2.25,2.3,3307.365,535.267,156,156,0,10.9238417,2.38,2.84,0,0,6
2022-08-26,2.28,2.4,953,2.25,2.3,3307.365,535.267,22,0,22,0,2.35,2.84,0,0,5
2022-08-29,2.28,2.4,963,2.25,2.3,3307.365,535.267,0,0,0,0,2.39,2.95,0,0,2
2022-08-30,2.29,2.4,948,2.26,2.3,3307.365,535.267,135,135,0,6.3753781,2.36,2.94,0,0,1
2022-08-31,2.29,2.4,1024,2.26,2.31,3248.654,612.536,149,0,149,19.3984682,2.33,2.93,0,0,0
2022-09-01,2.29,2.4,979,2.26,2.31,3248.654,612.536,96,96,0,11.6931214,2.5,2.94,0,0,29
2022-09-02,2.29,2.4,965,2.26,2.31,3248.654,612.536,0,0,0,0,2.46,2.91,0,0,28
2022-09-06,2.29,2.4,989,2.26,2.3,3248.654,612.536,125,125,0,5.281117,2.38,3.02,0,0,24
2022-09-07,2.28,2.4,958,2.26,2.3,3285.498,581.295,0,0,0,0,2.21,3.04,0,0,23
2022-09-08,2.28,2.4,981,2.26,2.3,3285.498,581.295,130,130,0,10.5594265,2.54,3.03,0,0,22
2022-09-09,2.28,2.4,958,2.26,2.3,3285.498,581.295,0,0,0,0,2.54,3.04,0,0,21
2022-09-12,2.28,2.4,980,2.26,2.3,3285.498,581.295,0,0,0,0,2.58,3.16,0,0,18
2022-09-13,2.28,2.4,957,2.26,2.3,3285.498,581.295,125,125,0,4.3722996,2.49,3.26,0,0,17
2022-09-14,2.27,2.4,951,2.25,2.3,3234.928,593.808,0,0,0,0,2.47,3.21,0,0,16
2022-09-15,2.28,2.4,981,2.26,2.3,3234.928,593.808,187,96,91,8.0599818,2.72,3.19,0,1,15
2022-09-16,2.27,2.4,952,2.25,2.3,3234.928,593.808,0,0,0,0,2.64,3.17,0,1,14
2022-09-19,2.27,2.4,948,2.25,2.3,3234.928,593.808,0,0,0,0,2.57,3.36,0,1,11
2022-09-20,2.26,2.4,967,2.24,2.28,3234.928,593.808,125,125,0,5.255386,2.51,3.33,0,0,10
2022-09-21,2.25,2.4,951,2.23,2.27,3104.032,692.496,0,0,0,0,2.5,3.28,0,0,9
2022-09-22,2.99,3.15,1023,2.97,3.01,3104.032,692.496,96,96,0,3.1287716,2.69,3.26,0,0,8
2022-09-23,2.99,3.15,968,2.97,3.01,3104.032,692.496,0,0,0,0,2.63,3.19,0,0,7
2022-09-26,2.99,3.15,976,2.96,3,3104.032,692.496,0,0,0,0,2.68,3.37,0,0,4
2022-09-27,2.98,3.15,949,2.96,3,3104.032,692.496,125,125,0,5.1417226,2.64,3.33,0,0,3
2022-09-28,2.98,3.15,911,2.95,3,2960.598,689.569,0,0,0,0,2.54,3.36,0,0,2
2022-09-29,2.96,3.15,906,2.94,2.99,2960.598,689.569,96,96,0,12.2477484,2.72,3.33,0,0,1
2022-09-30,2.98,3.15,956,2.95,3.03,2960.598,689.569,172,0,172,0,2.74,3.29,1,0,0
2022-10-03,3,3.15,1009,2.97,3.05,2960.598,689.569,0,0,0,0,2.79,3.42,0,0,28
2022-10-04,3.04,3.15,996,3,3.06,2960.598,689.569,125,125,0,4.9799717,2.81,3.39,0,0,27
2022-10-05,3.04,3.15,992,3,3.06,2972.874,633.939,0,0,0,0,2.78,3.4,0,0,26
2022-10-06,3.05,3.15,985,3,3.07,2972.874,633.939,130,130,0,16.3189705,2.99,3.39,0,0,25
2022-10-07,3.05,3.15,968,3,3.06,2972.874,633.939,0,0,0,0,2.97,3.38,0,0,24
2022-10-11,3.05,3.15,993,3,3.07,2972.874,633.939,125,125,0,4.0908797,2.97,3.61,0,0,20
2022-10-12,3.04,3.15,972,3,3.06,3087.912,608.302,0,0,0,0,2.96,3.64,0,0,19
2022-10-13,3.04,3.15,1000,3,3.06,3087.912,608.302,102,102,0,10.665118,3.28,3.72,0,0,18
2022-10-14,3.04,3.15,958,3,3.05,3087.912,608.302,0,0,0,0,3.23,3.73,0,0,17
2022-10-17,3.05,3.15,979,3,3.06,3087.912,608.302,90,0,90,0,3.21,3.91,0,0,14
2022-10-18,3.04,3.15,967,3,3.06,3087.912,608.302,143,143,0,4.8961765,3.13,3.98,0,0,13
2022-10-19,3.04,3.15,919,3,3.05,3092.044,607.199,0,0,0,0,3.18,4,0,0,12
2022-10-20,3.03,3.15,963,3,3.05,3092.044,607.199,102,102,0,11.6081021,3.5,4,0,0,11
2022-10-21,3.02,3.15,955,2.99,3.04,3092.044,607.199,0,0,0,0,3.48,3.99,0,0,10
2022-10-24,3.01,3.15,962,2.99,3.04,3092.044,607.199,0,0,0,0,3.48,4.1,0,0,7
2022-10-25,3.02,3.15,961,3,3.05,3092.044,607.199,153,153,0,4.7919619,3.46,4.07,0,0,6
2022-10-26,3.03,3.15,972,3,3.05,3042.838,634.548,0,0,0,0,3.41,4.03,0,0,5
2022-10-27,3.04,3.15,973,3,3.06,3042.838,634.548,102,102,0,11.3785513,3.67,4.04,0,0,4
2022-10-28,3.05,3.15,951,3,3.06,3042.838,634.548,0,0,0,0,3.66,4.08,0,0,3
2022-10-31,3.05,3.15,1075,3.01,3.07,3042.838,634.548,177,0,177,0,3.63,4.16,0,0,0
2022-11-01,3.05,3.15,1079,3.01,3.08,3042.838,634.548,153,153,0,5.1226195,3.62,4.16,0,0,29
2022-11-02,3.05,3.15,1021,3.01,3.08,3062.727,598.544,0,0,0,0,3.59,4.14,0,0,28
2022-11-03,3.8,3.9,1074,3.76,3.83,3062.727,598.544,136,136,0,21.0206144,3.69,4.16,0,0,27
2022-11-04,3.8,3.9,1014,3.76,3.82,3062.727,598.544,0,0,0,0,3.66,4.12,0,0,26
2022-11-07,3.78,3.9,981,3.75,3.81,3062.727,598.544,0,0,0,0,3.7,4.22,0,0,23
2022-11-08,3.78,3.9,978,3.75,3.8,3062.727,598.544,153,153,0,4.2241839,3.57,4.2,0,0,22
2022-11-09,3.78,3.9,969,3.75,3.8,3067.888,527.479,0,0,0,0,3.54,4.21,0,0,21
2022-11-10,3.78,3.9,987,3.75,3.8,3067.888,527.479,102,102,0,12.2778202,3.64,4.19,0,0,20
2022-11-14,3.79,3.9,1041,3.75,3.81,3067.888,527.479,0,0,0,0,3.64,4.26,0,0,16
2022-11-15,3.8,3.9,1149,3.78,3.85,3067.888,527.479,249,153,96,38.8249604,3.68,4.24,0,0,15
2022-11-16,3.81,3.9,1096,3.78,3.85,3128.277,502.982,0,0,0,0,3.7,4.24,0,0,14
2022-11-17,3.8,3.9,1075,3.78,3.84,3128.277,502.982,102,102,0,13.8852807,3.86,4.23,0,0,13
2022-11-18,3.8,3.9,1037,3.77,3.83,3128.277,502.982,0,0,0,0,3.85,4.25,0,0,12
2022-11-21,3.8,3.9,1015,3.76,3.82,3128.277,502.982,0,0,0,0,3.88,4.33,0,0,9
2022-11-22,3.8,3.9,1038,3.76,3.82,3128.277,502.982,193,193,0,4.4713536,3.87,4.31,0,0,8
2022-11-23,3.79,3.9,984,3.76,3.81,3160.73,479.474,0,0,0,0,4.04,4.31,0,0,7
2022-11-25,3.8,3.9,1003,3.77,3.82,3160.73,479.474,121,99,22,11.5122513,4.08,4.32,0,0,5
2022-11-28,3.8,3.9,1058,3.77,3.84,3160.73,479.474,0,0,0,0,4.03,4.41,0,0,2
2022-11-29,3.81,3.9,1026,3.78,3.85,3160.73,479.474,138,138,0,4.5352102,3.99,4.38,0,0,1
2022-11-30,3.82,3.9,1113,3.8,3.87,3168.995,511.474,150,0,150,16.3072584,3.98,4.38,0,0,0
2022-12-01,3.82,3.9,1174,3.8,3.86,3168.995,511.474,133,133,0,16.9256995,3.94,4.32,0,0,30
2022-12-02,3.81,3.9,1132,3.8,3.86,3168.995,511.474,0,0,0,0,3.81,4.32,0,0,29
2022-12-05,3.81,3.9,1096,3.79,3.85,3168.995,511.474,0,0,0,0,3.81,4.38,0,0,26
2022-12-06,3.8,3.9,1088,3.78,3.84,3168.995,511.474,123,123,0,3.4094629,3.74,4.38,0,0,25
2022-12-07,3.8,3.9,1088,3.76,3.81,3199.048,432.335,0,0,0,0,3.66,4.3,0,0,24
2022-12-08,3.8,3.9,1087,3.77,3.81,3199.048,432.335,99,99,0,8.4226509,3.67,4.27,0,0,23
2022-12-09,3.8,3.9,1058,3.77,3.83,3199.048,432.335,0,0,0,0,3.72,4.29,0,0,22
2022-12-12,3.8,3.9,1042,3.77,3.83,3199.048,432.335,0,0,0,0,3.74,4.4,0,0,19
2022-12-13,3.8,3.9,1051,3.77,3.83,3199.048,432.335,123,123,0,4.0355041,3.77,4.37,0,0,18
2022-12-14,3.8,3.9,1045,3.77,3.84,3188.634,355.517,0,0,0,0,3.79,4.34,0,0,17
2022-12-15,4.32,4.4,1144,4.3,4.37,3188.634,355.517,189,99,90,8.5907317,3.85,4.32,0,1,16
2022-12-16,4.32,4.4,1091,4.3,4.36,3188.634,355.517,0,0,0,0,3.84,4.3,0,1,15
2022-12-19,4.3,4.4,1087,4.28,4.34,3188.634,355.517,0,0,0,0,3.83,4.39,0,1,12
2022-12-20,4.3,4.4,1048,4.27,4.32,3188.634,355.517,123,123,0,3.3088173,3.75,4.36,0,0,11
2022-12-21,4.3,4.4,1031,4.26,4.3,3088.621,459.78,0,0,0,0,3.72,4.32,0,0,10
2022-12-22,4.3,4.4,1013,4.26,4.31,3088.621,459.78,99,99,0,3.3698921,3.71,4.34,0,0,9
2022-12-23,4.3,4.4,991,4.26,4.31,3088.621,459.78,0,0,0,0,3.71,4.33,0,0,8
2022-12-27,4.3,4.4,1048,4.27,4.32,3088.621,459.78,123,123,0,3.3332809,3.68,4.46,0,0,4
2022-12-28,4.3,4.4,1005,4.27,4.32,3017.889,427.926,0,0,0,0,3.63,4.46,0,0,3
2022-12-29,4.3,4.4,1037,4.26,4.32,3017.889,427.926,133,133,0,17.6047345,3.95,4.45,0,0,2
2022-12-30,4.3,4.4,1004,4.26,4.33,3017.889,427.926,41,0,41,0,4.02,4.4,1,0,1
2023-01-03,4.31,4.4,1257,4.28,4.35,3017.889,427.926,255,123,132,2.5799122,4.03,4.51,0,0,28
2023-01-04,4.3,4.4,1136,4.28,4.35,2830.144,423.625,0,0,0,0,4.07,4.52,0,0,27
2023-01-05,4.31,4.4,1134,4.29,4.35,2830.144,423.625,99,99,0,12.7053649,4.19,4.62,0,0,26
2023-01-06,4.31,4.4,1118,4.29,4.35,2830.144,423.625,0,0,0,0,4.21,4.62,0,0,25
2023-01-09,4.31,4.4,1127,4.29,4.34,2830.144,423.625,0,0,0,0,4.24,4.67,0,0,22
2023-01-10,4.31,4.4,1124,4.29,4.34,2830.144,423.625,123,123,0,3.1073529,4.27,4.69,0,0,21
2023-01-11,4.3,4.4,1142,4.28,4.34,3081.237,372.34,0,0,0,0,4.27,4.69,0,0,20
2023-01-12,4.3,4.4,1108,4.29,4.34,3081.237,372.34,105,105,0,10.8002557,4.45,4.61,0,0,19
2023-01-13,4.3,4.4,1101,4.28,4.33,3081.237,372.34,0,0,0,0,4.46,4.62,0,0,18
2023-01-17,4.31,4.4,1248,4.3,4.37,3081.237,372.34,241,151,90,2.6284444,4.48,4.68,0,0,14
2023-01-18,4.3,4.4,1193,4.29,4.34,3147.332,339.018,0,0,0,0,4.47,4.66,0,0,13
2023-01-19,4.31,4.4,1231,4.29,4.34,3147.332,339.018,168,168,0,11.6367666,4.57,4.67,0,0,12
2023-01-20,4.3,4.4,1169,4.28,4.33,3147.332,339.018,0,0,0,0,4.56,4.69,0,0,11
2023-01-23,4.3,4.4,1150,4.27,4.31,3147.332,339.018,0,0,0,0,4.57,4.7,0,0,8
2023-01-24,4.3,4.4,1163,4.29,4.34,3147.332,339.018,226,226,0,2.6702259,4.57,4.69,0,0,7
2023-01-25,4.31,4.4,1157,4.29,4.34,3031.889,491.848,0,0,0,0,4.55,4.68,0,0,6
2023-01-26,4.3,4.4,1165,4.29,4.34,3031.889,491.848,142,142,0,15.1892455,4.57,4.67,0,0,5
2023-01-27,4.3,4.4,1165,4.29,4.33,3031.889,491.848,0,0,0,0,4.56,4.69,0,0,4
2023-01-30,4.3,4.4,1158,4.28,4.33,3031.889,491.848,0,0,0,0,4.55,4.71,0,0,1
2023-01-31,4.31,4.4,1281,4.3,4.36,3031.889,491.848,344,171,173,2.1073741,4.53,4.7,0,0,0
2023-02-01,4.31,4.4,1199,4.3,4.35,3015.506,560.089,0,0,0,0,4.54,4.66,0,0,27
2023-02-02,4.56,4.65,1290,4.54,4.6,3015.506,560.089,108,108,0,15.3804961,4.57,4.65,0,0,26
2023-02-03,4.55,4.65,1216,4.53,4.58,3015.506,560.089,0,0,0,0,4.56,4.69,0,0,25
2023-02-06,4.55,4.65,1209,4.53,4.58,3015.506,560.089,0,0,0,0,4.57,4.71,0,0,22
2023-02-07,4.55,4.65,1208,4.53,4.58,3015.506,560.089,171,171,0,2.6132404,4.57,4.71,0,0,21
2023-02-08,4.55,4.65,1184,4.53,4.58,3037.584,493.277,0,0,0,0,4.59,4.71,0,0,20
2023-02-09,4.55,4.65,1212,4.53,4.59,3037.584,493.277,108,108,0,11.8951554,4.61,4.76,0,0,19
2023-02-10,4.55,4.65,1186,4.53,4.58,3037.584,493.277,0,0,0,0,4.61,4.78,0,0,18
2023-02-13,4.55,4.65,1153,4.53,4.58,3037.584,493.277,0,0,0,0,4.61,4.8,0,0,15
2023-02-14,4.55,4.65,1216,4.53,4.59,3037.584,493.277,171,171,0,2.2549579,4.58,4.79,0,0,14
2023-02-15,4.55,4.65,1239,4.54,4.6,3041.038,490.379,96,0,96,37.5156627,4.59,4.78,0,0,13
2023-02-16,4.55,4.65,1244,4.54,4.6,3041.038,490.379,133,133,0,13.5841923,4.61,4.82,0,0,12
2023-02-17,4.55,4.65,1209,4.53,4.58,3041.038,490.379,0,0,0,0,4.59,4.82,0,0,11
2023-02-21,4.55,4.65,1164,4.53,4.57,3041.038,490.379,171,171,0,3.3790523,4.58,4.84,0,0,7
2023-02-22,4.55,4.65,1129,4.52,4.57,3016.577,477.333,0,0,0,0,4.57,4.83,0,0,6
2023-02-23,4.55,4.65,1137,4.52,4.56,3016.577,477.333,142,142,0,14.5071585,4.61,4.83,0,0,5
2023-02-24,4.55,4.65,1122,4.52,4.56,3016.577,477.333,22,0,22,0,4.63,4.84,0,0,4
2023-02-27,4.55,4.65,1145,4.52,4.57,3016.577,477.333,0,0,0,0,4.62,4.88,0,0,1
2023-02-28,4.55,4.65,1230,4.53,4.59,3016.577,477.333,330,186,144,35.6904301,4.6,4.86,0,0,0
2023-03-01,4.55,4.65,1172,4.52,4.58,2998.303,381.245,0,0,0,0,4.6,4.87,0,0,30
2023-03-02,4.55,4.65,1150,4.52,4.58,2998.303,381.245,108,108,0,11.150023,4.68,4.88,0,0,29
2023-03-03,4.55,4.65,1120,4.52,4.57,2998.303,381.245,0,0,0,0,4.68,4.87,0,0,28
2023-03-06,4.55,4.65,1129,4.52,4.56,2998.303,381.245,0,0,0,0,4.68,4.9,0,0,25
2023-03-07,4.55,4.65,1151,4.52,4.56,2998.303,381.245,171,171,0,2.9708639,4.72,5.01,0,0,24
2023-03-08,4.55,4.65,1096,4.52,4.57,2999.72,333.35,0,0,0,0,4.68,5.03,0,0,23
2023-03-09,4.55,4.65,1120,4.52,4.56,2999.72,333.35,105,105,0,7.4461788,4.75,5.01,0,0,22
2023-03-10,4.55,4.65,1088,4.52,4.57,2999.72,333.35,0,0,0,0,4.73,4.97,0,0,21
2023-03-13,4.55,4.65,1148,4.52,4.58,2999.72,333.35,0,0,0,0,4.54,4.84,0,0,18
2023-03-14,4.55,4.65,1203,4.53,4.6,2999.72,333.35,156,156,0,2.845534,4.36,4.85,0,0,17
2023-03-15,4.58,4.65,1252,4.56,4.66,3251.482,232.866,90,0,90,0,4.14,4.72,0,0,16
2023-03-16,4.57,4.65,1272,4.55,4.62,3251.482,232.866,105,105,0,7.6381682,4.01,4.7,0,0,15
2023-03-17,4.55,4.65,1265,4.55,4.59,3251.482,232.866,0,0,0,0,4.26,4.48,0,0,14
2023-03-20,4.55,4.65,1288,4.54,4.58,3251.482,232.866,0,0,0,0,4.27,4.78,0,0,11
2023-03-21,4.55,4.65,1247,4.53,4.58,3251.482,232.866,146,146,0,3.1731624,3.99,4.75,0,0,10
2023-03-22,4.55,4.65,1203,4.54,4.58,3425.075,259.587,0,0,0,0,4.06,4.76,0,0,9
2023-03-23,4.8,4.9,1355,4.79,4.84,3425.075,259.587,139,139,0,4.1953215,4.21,4.7,0,0,8
2023-03-24,4.8,4.9,1290,4.8,4.86,3425.075,259.587,0,0,0,0,4.23,4.7,0,0,7
2023-03-27,4.81,4.9,1365,4.8,4.88,3425.075,259.587,0,0,0,0,4.15,4.89,0,0,4
2023-03-28,4.84,4.9,1345,4.8,4.92,3425.075,259.587,146,146,0,2.9092965,4.18,4.77,0,0,3
2023-03-29,4.83,4.9,1287,4.8,4.89,3437.592,183.577,0,0,0,0,4.28,4.77,0,0,2
2023-03-30,4.82,4.9,1319,4.8,4.89,3437.592,183.577,135,135,0,11.6321444,4.69,4.94,0,0,1
2023-03-31,4.87,4.9,1408,4.8,4.93,3437.592,183.577,214,45,169,0,4.69,4.81,1,0,0
2023-04-03,4.84,4.9,1477,4.8,4.9,3437.592,183.577,0,0,0,0,4.65,4.91,0,0,27
2023-04-04,4.83,4.9,1427,4.8,4.9,3437.592,183.577,146,146,0,3.1346709,4.61,4.88,0,0,26
2023-04-05,4.81,4.9,1427,4.8,4.88,3292.058,168.793,0,0,0,0,4.57,4.86,0,0,25
2023-04-06,4.81,4.9,1431,4.8,4.87,3292.058,168.793,105,105,0,12.2024819,4.53,4.91,0,0,24
2023-04-10,4.81,4.9,1366,4.8,4.86,3292.058,168.793,0,0,0,0,4.48,5.09,0,0,20
2023-04-11,4.8,4.9,1365,4.8,4.85,3292.058,168.793,146,146,0,3.0595487,4.17,5.03,0,0,19
2023-04-12,4.8,4.9,1358,4.78,4.83,3413.989,109.208,0,0,0,0,4.12,5.01,0,0,18
2023-04-13,4.8,4.9,1378,4.78,4.83,3413.989,109.208,105,105,0,10.5681951,4.06,5.1,0,0,17
2023-04-14,4.8,4.9,1312,4.79,4.84,3413.989,109.208,0,0,0,0,4.26,5.12,0,0,16
2023-04-17,4.8,4.9,1406,4.79,4.85,3413.989,109.208,90,0,90,5.7543436,4.03,5.21,0,0,13
2023-04-18,4.8,4.9,1364,4.79,4.85,3413.989,109.208,146,146,0,3.3774032,3.76,5.19,0,1,12
2023-04-19,4.8,4.9,1307,4.78,4.83,3303.152,166.555,0,0,0,0,3.75,5.16,0,1,11
2023-04-20,4.8,4.9,1281,4.77,4.81,3303.152,166.555,139,139,0,15.9848339,3.38,5.12,0,1,10
2023-04-21,4.8,4.9,1324,4.77,4.83,3303.152,166.555,0,0,0,0,3.35,5.12,0,0,9
2023-04-24,4.8,4.9,1298,4.78,4.84,3303.152,166.555,0,0,0,0,3.47,5.19,0,0,6
2023-04-25,4.8,4.9,1329,4.79,4.85,3303.152,166.555,131,131,0,3.1330666,4,5.12,0,0,5
2023-04-26,4.8,4.9,1345,4.79,4.85,3135.655,291.702,0,0,0,0,3.7,5.15,0,0,4
2023-04-27,4.81,4.9,1337,4.8,4.86,3135.655,291.702,105,105,0,11.4379402,4.24,5.18,0,0,3
2023-04-28,4.81,4.9,1378,4.8,4.87,3135.655,291.702,21,0,21,0,4.31,5.09,0,0,2
2023-05-01,4.81,4.9,1577,4.8,4.87,3135.655,291.702,201,45,156,15.2242978,4.41,5.25,0,0,30
2023-05-02,4.81,4.9,1537,4.8,4.87,3135.655,291.702,131,131,0,3.0228009,4.42,5.23,0,0,29
2023-05-03,4.81,4.9,1544,4.8,4.87,3089.706,269.216,0,0,0,0,4.53,5.24,0,0,28
2023-05-04,5.06,5.15,1590,5.05,5.13,3089.706,269.216,145,145,0,15.5000704,5.66,5.25,0,0,27
2023-05-05,5.06,5.15,1517,5.05,5.13,3089.706,269.216,0,0,0,0,5.49,5.25,0,0,26
2023-05-08,5.06,5.15,1497,5.05,5.12,3089.706,269.216,0,0,0,0,5.44,5.3,0,0,23
2023-05-09,5.06,5.15,1482,5.05,5.12,3089.706,269.216,131,131,0,3.0942619,5.51,5.28,0,0,22
2023-05-10,5.06,5.15,1410,5.05,5.11,3196.429,197.666,0,0,0,0,5.5,5.23,0,0,21
2023-05-11,5.05,5.15,1372,5.04,5.09,3196.429,197.666,105,105,0,12.025105,5.71,5.19,0,0,20
2023-05-12,5.05,5.15,1352,5.04,5.09,3196.429,197.666,0,0,0,0,5.69,5.23,0,0,19
2023-05-15,5.06,5.15,1497,5.05,5.11,3196.429,197.666,96,0,96,26.1544772,5.61,5.21,0,0,16
2023-05-16,5.05,5.15,1466,5.05,5.11,3196.429,197.666,151,151,0,3.1013224,5.56,5.22,0,0,15
2023-05-17,5.05,5.15,1401,5.05,5.1,3248.878,116.22,0,0,0,0,5.5,5.25,0,0,14
2023-05-18,5.05,5.15,1401,5.05,5.1,3248.878,116.22,189,189,0,18.8505812,5.49,5.29,0,0,13
2023-05-19,5.05,5.15,1363,5.04,5.09,3248.878,116.22,0,0,0,0,5.52,5.27,0,0,12
2023-05-22,5.05,5.15,1434,5.03,5.09,3248.878,116.22,0,0,0,0,5.62,5.4,0,0,9
2023-05-23,5.05,5.15,1383,5.04,5.1,3248.878,116.22,154,154,0,2.7712465,5.63,5.34,0,0,8
2023-05-24,5.05,5.15,1401,5.05,5.11,3240.172,61.952,0,0,0,0,5.74,5.37,0,0,7
2023-05-25,5.06,5.15,1537,5.05,5.15,3240.172,61.952,146,146,0,11.3626268,5.83,5.37,0,0,6
2023-05-26,5.06,5.15,1476,5.05,5.15,3240.172,61.952,22,0,22,0,5.9,5.31,0,0,5
2023-05-30,5.06,5.15,1530,5.05,5.13,3240.172,61.952,112,112,0,2.670916,5.23,5.44,0,0,1
2023-05-31,5.08,5.15,1623,5.05,5.17,3309.447,48.954,150,0,150,28.1695896,5.18,5.42,0,0,0
2023-06-01,5.08,5.15,1627,5.06,5.19,3309.447,48.954,169,169,0,9.5085573,5.25,5.4,0,0,29
2023-06-02,5.07,5.15,1475,5.05,5.17,3309.447,48.954,25,25,0,0,5.23,5.39,0,0,28
2023-06-05,5.06,5.15,1472,5.05,5.13,3309.447,48.954,65,65,0,0,5.2,5.36,0,0,25
2023-06-06,5.05,5.15,1414,5.04,5.1,3309.447,48.954,164,164,0,2.2165494,5.09,5.34,0,0,24
2023-06-07,5.05,5.15,1429,5.03,5.09,3349.751,44.756,0,0,0,0,5.01,5.32,0,0,23
2023-06-08,5.05,5.15,1402,5.03,5.09,3349.751,44.756,123,123,0,6.2778002,5.2,5.27,0,0,22
2023-06-09,5.05,5.15,1392,5.03,5.09,3349.751,44.756,0,0,0,0,5.2,5.26,0,0,21
2023-06-12,5.05,5.15,1399,5.03,5.08,3349.751,44.756,0,0,0,0,5.19,5.29,0,0,18
2023-06-13,5.05,5.15,1375,5.04,5.09,3349.751,44.756,156,156,0,2.1179893,5.13,5.26,0,0,17
2023-06-14,5.05,5.15,1397,5.03,5.09,3325.261,102.118,0,0,0,0,5.11,5.25,0,0,16
2023-06-15,5.06,5.15,1527,5.05,5.12,3325.261,102.118,296,206,90,9.5667813,5.12,5.22,0,1,15
2023-06-16,5.05,5.15,1405,5.05,5.11,3325.261,102.118,0,0,0,0,5.12,5.24,0,1,14
2023-06-20,5.05,5.15,1427,5.05,5.1,3325.261,102.118,166,166,0,2.1355999,5.11,5.29,0,1,10
2023-06-21,5.05,5.15,1387,5.04,5.1,3251.558,276.85,0,0,0,0,5.1,5.3,0,0,9
2023-06-22,5.05,5.15,1354,5.05,5.1,3251.558,276.85,173,173,0,2.5939743,5.12,5.3,0,0,8
2023-06-23,5.05,5.15,1389,5.05,5.11,3251.558,276.85,0,0,0,0,5.11,5.3,0,0,7
2023-06-26,5.05,5.15,1429,5.05,5.11,3251.558,276.85,0,0,0,0,5.11,5.4,0,0,4
2023-06-27,5.05,5.15,1481,5.05,5.12,3251.558,276.85,176,176,0,1.9931907,5.1,5.35,0,0,3
2023-06-28,5.06,5.15,1499,5.05,5.13,3171.567,390.571,0,0,0,0,5.1,5.34,0,0,2
2023-06-29,5.06,5.15,1542,5.05,5.14,3171.567,390.571,173,173,0,9.7876311,5.19,5.36,0,0,1
2023-06-30,5.09,5.15,1549,5.05,5.16,3171.567,390.571,173,0,173,0,5.18,5.32,1,0,0
2023-07-03,5.06,5.15,1579,5.05,5.14,3171.567,390.571,0,0,0,0,5.2,5.37,0,0,28
2023-07-05,5.06,5.15,1589,5.05,5.13,3114.989,415.441,176,176,0,1.9778135,5.2,5.37,0,0,26
2023-07-06,5.06,5.15,1573,5.05,5.13,3114.989,415.441,173,173,0,10.3524251,5.26,5.39,0,0,25
2023-07-07,5.06,5.15,1547,5.05,5.13,3114.989,415.441,0,0,0,0,5.27,5.37,0,0,24
2023-07-10,5.06,5.15,1506,5.05,5.12,3114.989,415.441,0,0,0,0,5.27,5.41,0,0,21
2023-07-11,5.06,5.15,1439,5.05,5.11,3114.989,415.441,176,176,0,2.0833597,5.27,5.41,0,0,20
2023-07-12,5.05,5.15,1361,5.05,5.09,3166.607,514.337,0,0,0,0,5.27,5.4,0,0,19
2023-07-13,5.06,5.15,1445,5.05,5.09,3166.607,514.337,211,211,0,12.7097608,5.32,5.4,0,0,18
2023-07-14,5.05,5.15,1448,5.05,5.1,3166.607,514.337,0,0,0,0,5.31,5.41,0,0,17
2023-07-17,5.06,5.15,1524,5.05,5.11,3166.607,514.337,90,0,90,0,5.3,5.42,0,0,14
2023-07-18,5.06,5.15,1482,5.05,5.1,3166.607,514.337,176,176,0,2.0943871,5.29,5.41,0,0,13
2023-07-19,5.05,5.15,1456,5.05,5.1,3230.457,531.135,0,0,0,0,5.28,5.42,0,0,12
2023-07-20,5.06,5.15,1460,5.05,5.1,3230.457,531.135,173,173,0,9.7909092,5.38,5.42,0,0,11
2023-07-21,5.05,5.15,1400,5.05,5.09,3230.457,531.135,0,0,0,0,5.37,5.43,0,0,10
2023-07-24,5.05,5.15,1365,5.05,5.09,3230.457,531.135,0,0,0,0,5.37,5.44,0,0,7
2023-07-25,5.06,5.15,1470,5.05,5.1,3230.457,531.135,176,176,0,1.9576832,5.39,5.44,0,0,6
2023-07-26,5.06,5.15,1452,5.05,5.11,3172.244,543.597,0,0,0,0,5.38,5.44,0,0,5
2023-07-27,5.31,5.4,1501,5.3,5.37,3172.244,543.597,173,173,0,9.4709131,5.38,5.44,0,0,4
2023-07-28,5.3,5.4,1419,5.3,5.36,3172.244,543.597,0,0,0,0,5.37,5.44,0,0,3
2023-07-31,5.31,5.4,1551,5.3,5.36,3172.244,543.597,173,0,173,0,5.38,5.44,0,0,0
2023-08-01,5.31,5.4,1495,5.3,5.35,3172.244,543.597,176,176,0,2.2400824,5.39,5.43,0,0,30
2023-08-02,5.3,5.4,1416,5.3,5.34,3189.533,517.459,0,0,0,0,5.38,5.43,0,0,29
2023-08-03,5.3,5.4,1413,5.29,5.34,3189.533,517.459,173,173,0,15.2501,5.39,5.43,0,0,28
2023-08-04,5.3,5.4,1369,5.29,5.32,3189.533,517.459,0,0,0,0,5.38,5.44,0,0,27
2023-08-07,5.3,5.4,1349,5.28,5.31,3189.533,517.459,0,0,0,0,5.38,5.45,0,0,24
2023-08-08,5.3,5.4,1340,5.28,5.31,3189.533,517.459,176,176,0,2.261861,5.39,5.46,0,0,23
2023-08-09,5.3,5.4,1322,5.28,5.32,3222.856,444.594,0,0,0,0,5.36,5.44,0,0,22
2023-08-10,5.3,5.4,1360,5.3,5.34,3222.856,444.594,222,222,0,15.8898092,5.39,5.44,0,0,21
2023-08-11,5.3,5.4,1347,5.29,5.34,3222.856,444.594,0,0,0,0,5.39,5.44,0,0,20
2023-08-14,5.3,5.4,1333,5.29,5.34,3222.856,444.594,0,0,0,0,5.39,5.45,0,0,17
2023-08-15,5.3,5.4,1413,5.3,5.35,3222.856,444.594,291,188,103,40.9069843,5.38,5.45,0,0,16
2023-08-16,5.3,5.4,1391,5.29,5.34,3245.971,435.795,0,0,0,0,5.37,5.45,0,0,15
2023-08-17,5.3,5.4,1343,5.29,5.33,3245.971,435.795,191,191,0,13.4991072,5.39,5.45,0,0,14
2023-08-18,5.3,5.4,1314,5.28,5.31,3245.971,435.795,0,0,0,0,5.38,5.44,0,0,13
2023-08-21,5.3,5.4,1322,5.27,5.31,3245.971,435.795,0,0,0,0,5.39,5.46,0,0,10
2023-08-22,5.3,5.4,1307,5.27,5.32,3245.971,435.795,200.025,200.025,0,2.3191162,5.38,5.46,0,0,9
2023-08-23,5.3,5.4,1270,5.28,5.33,3186.789,413.787,0,0,0,0,5.39,5.46,0,0,8
2023-08-24,5.3,5.4,1344,5.29,5.34,3186.789,413.787,191,191,0,10.7386908,5.39,5.47,0,0,7
2023-08-25,5.3,5.4,1344,5.3,5.35,3186.789,413.787,24,0,24,0,5.4,5.5,0,0,6
2023-08-28,5.3,5.4,1384,5.3,5.35,3186.789,413.787,0,0,0,0,5.4,5.5,0,0,3
2023-08-29,5.3,5.4,1314,5.3,5.35,3186.789,413.787,200,200,0,2.3958898,5.38,5.49,0,0,2
2023-08-30,5.3,5.4,1311,5.3,5.34,3238.345,470.8,0,0,0,0,5.4,5.48,0,0,1
2023-08-31,5.31,5.4,1549,5.3,5.36,3238.345,470.8,342,191,151,25.6776722,5.39,5.48,0,0,0
2023-09-01,5.31,5.4,1458,5.3,5.36,3238.345,470.8,0,0,0,0,5.39,5.46,0,0,29
2023-09-05,5.31,5.4,1472,5.3,5.36,3238.345,470.8,200,200,0,1.2276245,5.38,5.48,0,0,25
2023-09-06,5.3,5.4,1391,5.3,5.35,3307.291,470.881,0,0,0,0,5.39,5.47,0,0,24
2023-09-07,5.31,5.4,1479,5.3,5.35,3307.291,470.881,233,233,0,4.6788611,5.39,5.46,0,0,23
2023-09-08,5.3,5.4,1420,5.3,5.35,3307.291,470.881,0,0,0,0,5.39,5.47,0,0,22
2023-09-11,5.3,5.4,1378,5.3,5.35,3307.291,470.881,0,0,0,0,5.39,5.48,0,0,19
2023-09-12,5.3,5.4,1448,5.3,5.35,3307.291,470.881,200,200,0,1.3390906,5.39,5.48,0,0,18
2023-09-13,5.3,5.4,1385,5.3,5.35,3335.459,521.507,0,0,0,0,5.39,5.47,0,0,17
2023-09-14,5.3,5.4,1436,5.3,5.35,3335.459,521.507,191,191,0,3.6283963,5.39,5.47,0,0,16
2023-09-15,5.31,5.4,1586,5.3,5.36,3335.459,521.507,99,0,99,0,5.39,5.48,0,1,15
2023-09-18,5.31,5.4,1565,5.3,5.37,3335.459,521.507,0,0,0,0,5.4,5.47,0,1,12
2023-09-19,5.31,5.4,1562,5.3,5.36,3335.459,521.507,200,200,0,1.2761803,5.4,5.47,0,1,11
2023-09-20,5.3,5.4,1492,5.3,5.34,3231.649,640.296,0,0,0,0,5.4,5.49,0,0,10
2023-09-21,5.3,5.4,1522,5.3,5.35,3231.649,640.296,191,191,0,1.3911182,5.4,5.49,0,0,9
2023-09-22,5.3,5.4,1511,5.3,5.35,3231.649,640.296,0,0,0,0,5.4,5.48,0,0,8
2023-09-25,5.31,5.4,1524,5.3,5.36,3231.649,640.296,0,0,0,0,5.41,5.51,0,0,5
2023-09-26,5.31,5.4,1561,5.3,5.39,3231.649,640.296,200,200,0,1.3437881,5.41,5.5,0,0,4
2023-09-27,5.32,5.4,1388,5.3,5.39,3170.324,681.143,0,0,0,0,5.41,5.5,0,0,3
2023-09-28,5.31,5.4,1535,5.3,5.38,3170.324,681.143,191,191,0,5.1755396,5.4,5.48,0,0,2
2023-09-29,5.31,5.4,1537,5.3,5.37,3170.324,681.143,39,0,39,0,5.4,5.48,1,0,1
2023-10-02,5.32,5.4,1513,5.3,5.4,3170.324,681.143,147,0,147,0,5.4,5.51,0,0,29
2023-10-03,5.33,5.4,1498,5.31,5.4,3170.324,681.143,212,212,0,1.8271947,5.39,5.51,0,0,28
2023-10-04,5.32,5.4,1436,5.3,5.38,3145.72,668.009,0,0,0,0,5.4,5.5,0,0,27
2023-10-05,5.32,5.4,1520,5.3,5.38,3145.72,668.009,244,244,0,13.2162319,5.41,5.5,0,0,26
2023-10-06,5.31,5.4,1404,5.3,5.38,3145.72,668.009,0,0,0,0,5.43,5.52,0,0,25
2023-10-10,5.31,5.4,1522,5.3,5.39,3145.72,668.009,224,224,0,1.7090702,5.44,5.5,0,0,21
2023-10-11,5.31,5.4,1465,5.3,5.39,3288.945,709.16,0,0,0,0,5.42,5.5,0,0,20
2023-10-12,5.31,5.4,1467,5.3,5.39,3288.945,709.16,209,209,0,8.5960069,5.45,5.51,0,0,19
2023-10-13,5.31,5.4,1383,5.3,5.38,3288.945,709.16,0,0,0,0,5.44,5.51,0,0,18
2023-10-16,5.31,5.4,1450,5.3,5.39,3288.945,709.16,101,0,101,0,5.42,5.5,0,0,15
2023-10-17,5.31,5.4,1427,5.3,5.37,3288.945,709.16,236,236,0,1.6514395,5.42,5.51,0,0,14
2023-10-18,5.3,5.4,1396,5.3,5.34,3353.881,759.878,0,0,0,0,5.41,5.5,0,0,13
2023-10-19,5.3,5.4,1398,5.3,5.33,3353.881,759.878,218,218,0,9.2272232,5.42,5.49,0,0,12
2023-10-20,5.3,5.4,1396,5.3,5.33,3353.881,759.878,0,0,0,0,5.4,5.47,0,0,11
2023-10-23,5.3,5.4,1330,5.29,5.31,3353.881,759.878,0,0,0,0,5.42,5.48,0,0,8
2023-10-24,5.3,5.4,1387,5.3,5.33,3353.881,759.878,236,236,0,1.6368304,5.41,5.47,0,0,7
2023-10-25,5.3,5.4,1439,5.3,5.34,3261.886,834.418,0,0,0,0,5.4,5.48,0,0,6
2023-10-26,5.31,5.4,1506,5.3,5.36,3261.886,834.418,218,218,0,8.8620052,5.41,5.48,0,0,5
2023-10-27,5.31,5.4,1496,5.3,5.36,3261.886,834.418,0,0,0,0,5.41,5.48,0,0,4
2023-10-30,5.31,5.4,1470,5.3,5.35,3261.886,834.418,0,0,0,0,5.4,5.49,0,0,1
2023-10-31,5.35,5.4,1582,5.3,5.4,3261.886,834.418,438,236,202,1.5493645,5.4,5.49,0,0,0
2023-11-01,5.32,5.4,1621,5.31,5.4,3267.216,820.487,0,0,0,0,5.4,5.47,0,0,29
2023-11-02,5.33,5.4,1640,5.31,5.4,3267.216,820.487,262,262,0,20.409896,5.4,5.44,0,0,28
2023-11-03,5.32,5.4,1579,5.3,5.39,3267.216,820.487,0,0,0,0,5.4,5.43,0,0,27
2023-11-06,5.32,5.4,1559,5.3,5.38,3267.216,820.487,0,0,0,0,5.4,5.45,0,0,24
2023-11-07,5.32,5.4,1546,5.3,5.38,3267.216,820.487,236,236,0,1.6998761,5.4,5.44,0,0,23
2023-11-08,5.32,5.4,1470,5.3,5.38,3328.908,772.686,0,0,0,0,5.39,5.44,0,0,22
2023-11-09,5.32,5.4,1526,5.3,5.38,3328.908,772.686,218,218,0,11.8721442,5.4,5.43,0,0,21
2023-11-10,5.32,5.4,1469,5.3,5.38,3328.908,772.686,0,0,0,0,5.4,5.42,0,0,20
2023-11-13,5.32,5.4,1494,5.3,5.39,3328.908,772.686,0,0,0,0,5.4,5.44,0,0,17
2023-11-14,5.32,5.4,1533,5.3,5.39,3328.908,772.686,236,236,0,1.6588341,5.39,5.42,0,0,16
2023-11-15,5.32,5.4,1605,5.3,5.39,3391.713,738.562,112,0,112,2.1313384,5.39,5.42,0,0,15
2023-11-16,5.32,5.4,1640,5.3,5.39,3391.713,738.562,218,218,0,13.7864643,5.4,5.41,0,0,14
2023-11-17,5.32,5.4,1587,5.3,5.38,3391.713,738.562,0,0,0,0,5.4,5.41,0,0,13
2023-11-20,5.31,5.4,1621,5.3,5.36,3391.713,738.562,0,0,0,0,5.4,5.43,0,0,10
2023-11-21,5.31,5.4,1603,5.3,5.35,3391.713,738.562,236,236,0,1.6408866,5.39,5.42,0,0,9
2023-11-22,5.31,5.4,1547,5.3,5.35,3453.853,706.017,0,0,0,0,5.42,5.43,0,0,8
2023-11-24,5.32,5.4,1521,5.3,5.39,3453.853,706.017,244,218,26,11.1840213,5.42,5.44,0,0,6
2023-11-27,5.32,5.4,1602,5.3,5.4,3453.853,706.017,0,0,0,0,5.41,5.44,0,0,3
2023-11-28,5.32,5.4,1593,5.3,5.4,3453.853,706.017,221,221,0,1.8555741,5.41,5.43,0,0,2
2023-11-29,5.31,5.4,1578,5.3,5.39,3441.581,739.209,0,0,0,0,5.4,5.41,0,0,1
2023-11-30,5.33,5.4,1850,5.31,5.44,3441.581,739.209,436,257,179,16.1249312,5.4,5.41,0,0,0
2023-12-01,5.39,5.4,1650,5.32,5.45,3441.581,739.209,0,0,0,0,5.4,5.39,0,0,30
2023-12-04,5.37,5.4,1631,5.31,5.44,3441.581,739.209,0,0,0,0,5.4,5.42,0,0,27
2023-12-05,5.33,5.4,1792,5.31,5.42,3441.581,739.209,216,216,0,1.0282117,5.39,5.41,0,0,26
2023-12-06,5.32,5.4,1707,5.31,5.41,3513.374,682.509,0,0,0,0,5.38,5.41,0,0,25
2023-12-07,5.32,5.4,1702,5.31,5.38,3513.374,682.509,213,213,0,2.6315092,5.37,5.4,0,0,24
2023-12-08,5.32,5.4,1610,5.3,5.37,3513.374,682.509,0,0,0,0,5.39,5.4,0,0,23
2023-12-11,5.32,5.4,1577,5.3,5.38,3513.374,682.509,0,0,0,0,5.39,5.42,0,0,20
2023-12-12,5.31,5.4,1713,5.3,5.35,3513.374,682.509,216,216,0,1.0187738,5.38,5.42,0,0,19
2023-12-13,5.31,5.4,1635,5.3,5.35,3540.619,658.44,0,0,0,0,5.37,5.4,0,0,18
2023-12-14,5.31,5.4,1695,5.3,5.33,3540.619,658.44,213,213,0,2.9211145,5.39,5.39,0,0,17
2023-12-15,5.32,5.4,1776,5.31,5.39,3540.619,658.44,108,0,108,0,5.38,5.4,0,1,16
2023-12-18,5.32,5.4,1665,5.3,5.37,3540.619,658.44,0,0,0,0,5.36,5.42,0,1,13
2023-12-19,5.31,5.4,1757,5.3,5.35,3540.619,658.44,216,216,0,0.9976891,5.35,5.39,0,1,12
2023-12-20,5.31,5.4,1678,5.3,5.34,3536.105,732.196,0,0,0,0,5.35,5.4,0,0,11
2023-12-21,5.31,5.4,1720,5.3,5.35,3536.105,732.196,213,213,0,1.0664208,5.38,5.38,0,0,10
2023-12-22,5.32,5.4,1667,5.31,5.38,3536.105,732.196,0,0,0,0,5.38,5.39,0,0,9
2023-12-26,5.35,5.4,1644,5.31,5.45,3536.105,732.196,216,216,0,1.0199601,5.38,5.41,0,0,5
2023-12-27,5.39,5.4,1722,5.33,5.49,3446.459,731.405,0,0,0,0,5.39,5.4,0,0,4
2023-12-28,5.4,5.4,1832,5.35,5.55,3446.459,731.405,257,257,0,6.4565399,5.42,5.41,0,0,3
2023-12-29,5.38,5.4,1702,5.33,5.5,3446.459,731.405,46,0,46,0,5.44,5.35,1,0,2
2024-01-02,5.4,5.4,1948,5.33,5.51,3446.459,731.405,384,216,168,1.1192032,5.39,5.38,0,0,29
2024-01-03,5.39,5.4,1832,5.33,5.48,3262.895,758.448,0,0,0,0,5.38,5.4,0,0,28
2024-01-04,5.32,5.4,1930,5.31,5.4,3262.895,758.448,213,213,0,8.7591152,5.4,5.4,0,0,27
2024-01-05,5.31,5.4,1674,5.3,5.36,3262.895,758.448,0,0,0,0,5.39,5.4,0,0,26
2024-01-08,5.31,5.4,1658,5.3,5.36,3262.895,758.448,0,0,0,0,5.39,5.41,0,0,23
2024-01-09,5.31,5.4,1693,5.3,5.36,3262.895,758.448,216,216,0,1.1274587,5.39,5.4,0,0,22
2024-01-10,5.31,5.4,1660,5.3,5.36,3498.748,747.565,0,0,0,0,5.38,5.39,0,0,21
2024-01-11,5.31,5.4,1648,5.3,5.36,3498.748,747.565,213,213,0,7.8286884,5.39,5.39,0,0,20
2024-01-12,5.31,5.4,1590,5.3,5.36,3498.748,747.565,0,0,0,0,5.39,5.37,0,0,19
2024-01-16,5.32,5.4,1854,5.31,5.38,3498.748,747.565,326,216,110,1.1016295,5.4,5.38,0,0,15
2024-01-17,5.32,5.4,1764,5.31,5.37,3611.719,748.883,0,0,0,0,5.4,5.4,0,0,14
2024-01-18,5.31,5.4,1746,5.3,5.34,3611.719,748.883,213,213,0,8.1413694,5.37,5.38,0,0,13
2024-01-19,5.31,5.4,1688,5.3,5.33,3611.719,748.883,0,0,0,0,5.39,5.37,0,0,12
2024-01-22,5.31,5.4,1595,5.3,5.33,3611.719,748.883,0,0,0,0,5.38,5.38,0,0,9
2024-01-23,5.31,5.4,1686,5.3,5.34,3611.719,748.883,228,228,0,1.1927643,5.39,5.37,0,0,8
2024-01-24,5.31,5.4,1596,5.3,5.36,3526.683,799.358,0,0,0,0,5.38,5.37,0,0,7
2024-01-25,5.32,5.4,1768,5.31,5.38,3526.683,799.358,268,268,0,10.9776888,5.39,5.37,0,0,6
2024-01-26,5.32,5.4,1712,5.31,5.37,3526.683,799.358,0,0,0,0,5.38,5.36,0,0,5
2024-01-29,5.31,5.4,1598,5.3,5.36,3526.683,799.358,0,0,0,0,5.38,5.38,0,0,2
2024-01-30,5.31,5.4,1642,5.3,5.36,3526.683,799.358,240,240,0,1.1282432,5.38,5.37,0,0,1
2024-01-31,5.32,5.4,1874,5.31,5.4,3526.23,841.55,221,0,221,0,5.38,5.38,0,0,0
2024-02-01,5.32,5.4,1897,5.31,5.39,3526.23,841.55,229,229,0,15.3768912,5.39,5.38,0,0,28
2024-02-02,5.32,5.4,1849,5.31,5.39,3526.23,841.55,0,0,0,0,5.39,5.39,0,0,27
2024-02-05,5.31,5.4,1731,5.31,5.36,3526.23,841.55,0,0,0,0,5.39,5.38,0,0,24
2024-02-06,5.31,5.4,1738,5.31,5.36,3526.23,841.55,245,245,0,1.2069088,5.38,5.39,0,0,23
2024-02-07,5.31,5.4,1797,5.3,5.35,3599.323,802.135,0,0,0,0,5.37,5.39,0,0,22
2024-02-08,5.31,5.4,1669,5.3,5.36,3599.323,802.135,229,229,0,11.9355626,5.39,5.39,0,0,21
2024-02-09,5.31,5.4,1581,5.3,5.36,3599.323,802.135,0,0,0,0,5.39,5.4,0,0,20
2024-02-12,5.31,5.4,1725,5.3,5.35,3599.323,802.135,0,0,0,0,5.39,5.39,0,0,17
2024-02-13,5.31,5.4,1714,5.3,5.34,3599.323,802.135,245,245,0,1.1693925,5.38,5.41,0,0,16
2024-02-14,5.3,5.4,1596,5.3,5.32,3540.945,838.005,0,0,0,0,5.39,5.39,0,0,15
2024-02-15,5.31,5.4,1746,5.3,5.33,3540.945,838.005,350,229,121,22.5683969,5.39,5.39,0,0,14
2024-02-16,5.3,5.4,1666,5.3,5.32,3540.945,838.005,0,0,0,0,5.39,5.39,0,0,13
2024-02-20,5.3,5.4,1610,5.3,5.32,3540.945,838.005,245,245,0,1.2108343,5.4,5.4,0,0,9
2024-02-21,5.3,5.4,1607,5.3,5.32,3565.999,785.465,0,0,0,0,5.4,5.4,0,0,8
2024-02-22,5.3,5.4,1620,5.3,5.33,3565.999,785.465,275,275,0,14.4217242,5.39,5.41,0,0,7
2024-02-23,5.31,5.4,1736,5.3,5.35,3565.999,785.465,28,0,28,0,5.4,5.42,0,0,6
2024-02-26,5.31,5.4,1739,5.3,5.36,3565.999,785.465,0,0,0,0,5.4,5.4,0,0,3
2024-02-27,5.31,5.4,1741,5.3,5.35,3565.999,785.465,245,245,0,1.2052567,5.41,5.39,0,0,2
2024-02-28,5.31,5.4,1620,5.3,5.33,3567.552,785.821,0,0,0,0,5.4,5.38,0,0,1
2024-02-29,5.32,5.4,1951,5.31,5.37,3567.552,785.821,423,229,194,18.7612868,5.4,5.39,0,0,0
2024-03-01,5.31,5.4,1783,5.31,5.36,3567.552,785.821,0,0,0,0,5.4,5.37,0,0,30
2024-03-04,5.31,5.4,1858,5.3,5.35,3567.552,785.821,0,0,0,0,5.38,5.38,0,0,27
2024-03-05,5.31,5.4,1807,5.3,5.34,3567.552,785.821,245,245,0,0.2473375,5.36,5.37,0,0,26
2024-03-06,5.31,5.4,1707,5.3,5.33,3626.176,767.733,0,0,0,0,5.36,5.38,0,0,25
2024-03-07,5.31,5.4,1793,5.3,5.34,3626.176,767.733,229,229,0,0.5866184,5.38,5.38,0,0,24
2024-03-08,5.31,5.4,1782,5.3,5.35,3626.176,767.733,0,0,0,0,5.38,5.38,0,0,23
2024-03-11,5.31,5.4,1804,5.3,5.35,3626.176,767.733,0,0,0,0,5.37,5.38,0,0,20
2024-03-12,5.31,5.4,1699,5.31,5.36,3626.176,767.733,245,245,0,0.2408415,5.38,5.39,0,0,19
2024-03-13,5.31,5.4,1784,5.3,5.35,3624.633,768.369,0,0,0,0,5.38,5.39,0,0,18
2024-03-14,5.31,5.4,1782,5.3,5.34,3624.633,768.369,229,229,0,0.6235255,5.39,5.39,0,0,17
2024-03-15,5.31,5.4,1803,5.31,5.37,3624.633,768.369,117,0,117,0,5.39,5.39,0,0,16
2024-03-18,5.31,5.4,1788,5.3,5.34,3624.633,768.369,0,0,0,0,5.39,5.39,0,0,13
2024-03-19,5.31,5.4,1813,5.3,5.34,3624.633,768.369,245,245,0,0.2501427,5.38,5.38,0,0,12
2024-03-20,5.31,5.4,1736,5.3,5.34,3553.424,809.298,0,0,0,0,5.36,5.38,0,0,11
2024-03-21,5.31,5.4,1849,5.3,5.35,3553.424,809.298,267,267,0,0.4353895,5.37,5.39,0,0,10
2024-03-22,5.31,5.4,1796,5.31,5.37,3553.424,809.298,0,0,0,0,5.37,5.38,0,0,9
2024-03-25,5.31,5.4,1820,5.31,5.38,3553.424,809.298,0,0,0,0,5.38,5.37,0,0,6
2024-03-26,5.32,5.4,1849,5.31,5.4,3553.424,809.298,230,230,0,0.2610971,5.36,5.36,0,0,5
2024-03-27,5.33,5.4,1807,5.32,5.43,3496.121,802.233,0,0,0,0,5.36,5.36,0,0,4
2024-03-28,5.34,5.4,1911,5.32,5.42,3496.121,802.233,229,213,16,0.9669604,5.39,5.37,1,0,3
2024-04-01,5.35,5.4,2023,5.33,5.47,3496.121,802.233,217,0,217,0,5.39,5.37,0,0,29
2024-04-02,5.34,5.4,1927,5.33,5.45,3496.121,802.233,215,215,0,0.805834,5.38,5.36,0,0,28
2024-04-03,5.32,5.4,1985,5.31,5.38,3414.288,768.651,0,0,0,0,5.36,5.36,0,0,27
2024-04-04,5.32,5.4,1974,5.31,5.37,3414.288,768.651,205,205,0,9.3192982,5.35,5.35,0,0,26
2024-04-05,5.32,5.4,1898,5.31,5.38,3414.288,768.651,0,0,0,0,5.37,5.37,0,0,25
2024-04-08,5.31,5.4,1807,5.31,5.36,3414.288,768.651,0,0,0,0,5.37,5.37,0,0,22
2024-04-09,5.31,5.4,1826,5.31,5.35,3414.288,768.651,205,205,0,0.7870868,5.36,5.37,0,0,21
2024-04-10,5.31,5.4,1909,5.3,5.35,3586.845,704.971,0,0,0,0,5.37,5.39,0,0,20
2024-04-11,5.31,5.4,1857,5.3,5.35,3586.845,704.971,205,205,0,8.1875127,5.38,5.39,0,0,19
2024-04-12,5.31,5.4,1805,5.3,5.35,3586.845,704.971,0,0,0,0,5.38,5.39,0,0,18
2024-04-15,5.32,5.4,1938,5.31,5.39,3586.845,704.971,119,0,119,1.9625263,5.39,5.39,0,1,15
2024-04-16,5.31,5.4,1809,5.31,5.36,3586.845,704.971,205,205,0,0.8004506,5.38,5.39,0,0,14
2024-04-17,5.31,5.4,1731,5.3,5.33,3522.717,796.535,0,0,0,0,5.38,5.39,0,1,13
2024-04-18,5.3,5.4,1764,5.3,5.33,3522.717,796.535,251,251,0,12.5676787,5.38,5.39,0,1,12
2024-04-19,5.31,5.4,1780,5.3,5.34,3522.717,796.535,0,0,0,0,5.38,5.39,0,0,11
2024-04-22,5.31,5.4,1746,5.3,5.34,3522.717,796.535,0,0,0,0,5.38,5.36,0,0,8
2024-04-23,5.31,5.4,1757,5.3,5.34,3522.717,796.535,205,205,0,0.8036739,5.38,5.39,0,0,7
2024-04-24,5.31,5.4,1778,5.3,5.35,3324.363,941.43,0,0,0,0,5.37,5.4,0,0,6
2024-04-25,5.31,5.4,1774,5.31,5.37,3324.363,941.43,205,205,0,8.5938001,5.38,5.4,0,0,5
2024-04-26,5.32,5.4,1795,5.31,5.38,3324.363,941.43,0,0,0,0,5.38,5.39,0,0,4
2024-04-29,5.32,5.4,1781,5.31,5.38,3324.363,941.43,0,0,0,0,5.38,5.39,0,0,1
2024-04-30,5.34,5.4,1831,5.31,5.4,3324.363,941.43,454,205,249,1.8488859,5.37,5.39,0,0,0
2024-05-01,5.32,5.4,1955,5.31,5.38,3252.733,917.177,0,0,0,0,5.35,5.4,0,0,30
2024-05-02,5.31,5.4,1838,5.31,5.36,3252.733,917.177,205,205,0,15.5746288,5.37,5.39,0,0,29
2024-05-03,5.31,5.4,1863,5.3,5.35,3252.733,917.177,0,0,0,0,5.38,5.39,0,0,28
2024-05-06,5.31,5.4,1855,5.3,5.35,3252.733,917.177,0,0,0,0,5.38,5.39,0,0,25
2024-05-07,5.31,5.4,1864,5.3,5.35,3252.733,917.177,205,205,0,0.6495379,5.37,5.39,0,0,24
2024-05-08,5.31,5.4,1845,5.3,5.35,3331.156,851.591,0,0,0,0,5.37,5.39,0,0,23
2024-05-09,5.31,5.4,1871,5.3,5.35,3331.156,851.591,215,215,0,11.9737465,5.37,5.39,0,0,22
2024-05-10,5.31,5.4,1816,5.3,5.34,3331.156,851.591,0,0,0,0,5.37,5.4,0,0,21
2024-05-13,5.31,5.4,1805,5.3,5.33,3331.156,851.591,0,0,0,0,5.37,5.39,0,0,18
2024-05-14,5.31,5.4,1838,5.3,5.34,3331.156,851.591,220,220,0,0.6508213,5.36,5.38,0,0,17
2024-05-15,5.31,5.4,1936,5.3,5.34,3369.747,787.133,125,0,125,15.7112458,5.35,5.39,0,0,16
2024-05-16,5.31,5.4,2001,5.3,5.35,3369.747,787.133,261,261,0,18.4895521,5.37,5.39,0,0,15
2024-05-17,5.31,5.4,1964,5.3,5.35,3369.747,787.133,0,0,0,0,5.37,5.39,0,0,14
2024-05-20,5.31,5.4,1866,5.3,5.35,3369.747,787.133,0,0,0,0,5.37,5.39,0,0,11
2024-05-21,5.31,5.4,1929,5.3,5.35,3369.747,787.133,220,220,0,0.6743402,5.36,5.39,0,0,10
2024-05-22,5.31,5.4,1900,5.3,5.35,3390.794,725.376,0,0,0,0,5.35,5.39,0,0,9
2024-05-23,5.31,5.4,1916,5.3,5.35,3390.794,725.376,215,215,0,11.1609231,5.37,5.4,0,0,8
2024-05-24,5.32,5.4,1909,5.31,5.37,3390.794,725.376,0,0,0,0,5.42,5.4,0,0,7
2024-05-28,5.32,5.4,2013,5.31,5.39,3390.794,725.376,220,220,0,0.8079983,5.36,5.4,0,0,3
2024-05-29,5.33,5.4,1807,5.32,5.4,3409.342,704.335,0,0,0,0,5.36,5.4,0,0,2
2024-05-30,5.33,5.4,1824,5.32,5.4,3409.342,704.335,205,205,0,10.6110762,5.38,5.4,0,0,1
2024-05-31,5.34,5.4,2061,5.33,5.43,3409.342,704.335,243,0,243,14.426346,5.37,5.39,0,0,0
2024-06-03,5.35,5.4,1912,5.32,5.4,3409.342,704.335,0,0,0,0,5.38,5.4,0,0,27
2024-06-04,5.33,5.4,2092,5.32,5.4,3409.342,704.335,200,200,0,0.8053216,5.37,5.39,0,0,26
2024-06-05,5.33,5.4,1989,5.32,5.39,3408.31,710.309,0,0,0,0,5.37,5.39,0,0,25
2024-06-06,5.33,5.4,2008,5.32,5.4,3408.31,710.309,200,200,0,1.5623729,5.37,5.39,0,0,24
2024-06-07,5.33,5.4,1934,5.32,5.4,3408.31,710.309,0,0,0,0,5.37,5.4,0,0,23
2024-06-10,5.32,5.4,1847,5.32,5.38,3408.31,710.309,0,0,0,0,5.37,5.39,0,0,20
2024-06-11,5.32,5.4,1946,5.31,5.37,3408.31,710.309,200,200,0,0.8158919,5.35,5.39,0,0,19
2024-06-12,5.31,5.4,1957,5.3,5.35,3455.134,673.573,0,0,0,0,5.35,5.39,0,0,18
2024-06-13,5.31,5.4,2035,5.3,5.36,3455.134,673.573,246,246,0,3.9776535,5.37,5.39,0,0,17
2024-06-14,5.31,5.4,1855,5.31,5.37,3455.134,673.573,0,0,0,0,5.35,5.39,0,0,16
2024-06-17,5.33,5.4,1975,5.32,5.41,3455.134,673.573,119,0,119,3.8491137,5.34,5.39,0,1,13
2024-06-18,5.33,5.4,2021,5.32,5.4,3455.134,673.573,200,200,0,0.8357725,5.29,5.38,0,1,12
2024-06-20,5.32,5.4,2052,5.31,5.37,3434.274,723.41,200,200,0,0.6794509,5.31,5.38,0,1,10
2024-06-21,5.31,5.4,1991,5.3,5.35,3434.274,723.41,0,0,0,0,5.31,5.37,0,0,9
2024-06-24,5.31,5.4,1992,5.3,5.36,3434.274,723.41,0,0,0,0,5.31,5.38,0,0,6
2024-06-25,5.33,5.4,1968,5.32,5.41,3434.274,723.41,200,200,0,0.8312242,5.32,5.37,0,0,5
2024-06-26,5.34,5.4,1897,5.33,5.45,3302.647,765.417,0,0,0,0,5.33,5.38,0,0,4
2024-06-27,5.34,5.4,1888,5.32,5.41,3302.647,765.417,200,200,0,2.8414559,5.37,5.37,0,0,3
2024-06-28,5.33,5.4,2024,5.32,5.41,3302.647,765.417,49,0,49,0,5.37,5.36,1,0,2
2024-07-01,5.4,5.4,1967,5.33,5.47,3302.647,765.417,196,0,196,6.8250552,5.38,5.38,0,0,30
2024-07-02,5.35,5.4,2110,5.33,5.46,3302.647,765.417,215,215,0,0.5800708,5.37,5.38,0,0,29
2024-07-03,5.33,5.4,2007,5.32,5.41,3184.18,761.373,0,0,0,0,5.38,5.38,0,0,28
2024-07-05,5.32,5.4,2126,5.31,5.39,3184.18,761.373,208,208,0,8.8248227,5.38,5.37,0,0,26
2024-07-08,5.32,5.4,2090,5.31,5.39,3184.18,761.373,0,0,0,0,5.37,5.37,0,0,23
2024-07-09,5.34,5.4,1913,5.33,5.42,3184.18,761.373,225,225,0,0.581206,5.33,5.37,0,0,22
2024-07-10,5.34,5.4,1949,5.33,5.42,3341.977,736.402,0,0,0,0,5.33,5.37,0,0,21
2024-07-11,5.34,5.4,1920,5.32,5.41,3341.977,736.402,262,262,0,10.8163086,5.38,5.35,0,0,20
2024-07-12,5.34,5.4,1900,5.32,5.41,3341.977,736.402,0,0,0,0,5.37,5.35,0,0,19
2024-07-15,5.34,5.4,2175,5.33,5.44,3341.977,736.402,119,0,119,19.3344123,5.38,5.34,0,0,16
2024-07-16,5.35,5.4,2061,5.34,5.45,3341.977,736.402,235,235,0,0.5989944,5.36,5.34,0,0,15
2024-07-17,5.35,5.4,2025,5.34,5.44,3331.425,751.593,0,0,0,0,5.34,5.34,0,0,14
2024-07-18,5.34,5.4,2014,5.32,5.41,3331.425,751.593,216,216,0,8.601192,5.37,5.35,0,0,13
2024-07-19,5.34,5.4,1992,5.32,5.41,3331.425,751.593,0,0,0,0,5.38,5.34,0,0,12
2024-07-22,5.33,5.4,2120,5.32,5.4,3331.425,751.593,0,0,0,0,5.38,5.33,0,0,9
2024-07-23,5.34,5.4,2011,5.32,5.41,3331.425,751.593,235,235,0,0.6528583,5.37,5.32,0,0,8
2024-07-24,5.34,5.4,2083,5.33,5.42,3308.58,774.315,0,0,0,0,5.38,5.32,0,0,7
2024-07-25,5.35,5.4,2129,5.34,5.45,3308.58,774.315,216,216,0,8.2784453,5.39,5.31,0,0,6
2024-07-26,5.35,5.4,2027,5.34,5.45,3308.58,774.315,0,0,0,0,5.38,5.3,0,0,5
2024-07-29,5.33,5.4,1982,5.33,5.41,3308.58,774.315,0,0,0,0,5.39,5.29,0,0,2
2024-07-30,5.33,5.4,1978,5.32,5.4,3308.58,774.315,235,235,0,0.7225868,5.38,5.28,0,0,1
2024-07-31,5.38,5.4,2185,5.34,5.47,3293.519,786.486,245,0,245,13.5085321,5.37,5.29,0,0,0
2024-08-01,5.35,5.4,2211,5.34,5.46,3293.519,786.486,216,216,0,15.0113572,5.38,5.26,0,0,30
2024-08-02,5.35,5.4,2077,5.33,5.43,3293.519,786.486,0,0,0,0,5.37,5.18,0,0,29
2024-08-05,5.32,5.4,2199,5.31,5.38,3293.519,786.486,0,0,0,0,5.35,5.23,0,0,26
2024-08-06,5.33,5.4,2086,5.32,5.4,3293.519,786.486,235,235,0,0.7354958,5.33,5.23,0,0,25
2024-08-07,5.33,5.4,2042,5.32,5.39,3351.662,770.931,0,0,0,0,5.34,5.23,0,0,24
2024-08-08,5.34,5.4,2196,5.33,5.43,3351.662,770.931,267,267,0,15.4001268,5.39,5.23,0,0,23
2024-08-09,5.34,5.4,2170,5.33,5.42,3351.662,770.931,0,0,0,0,5.38,5.22,0,0,22
2024-08-12,5.34,5.4,2138,5.33,5.41,3351.662,770.931,0,0,0,0,5.37,5.21,0,0,19
2024-08-13,5.34,5.4,2082,5.34,5.43,3351.662,770.931,245,245,0,0.7562008,5.32,5.2,0,0,18
2024-08-14,5.33,5.4,2108,5.32,5.39,3346.138,794.12,0,0,0,0,5.33,5.21,0,0,17
2024-08-15,5.35,5.4,2118,5.32,5.42,3346.138,794.12,346,221,125,37.1287962,5.35,5.23,0,0,16
2024-08-16,5.32,5.4,2131,5.32,5.39,3346.138,794.12,0,0,0,0,5.37,5.21,0,0,15
2024-08-19,5.32,5.4,2118,5.31,5.38,3346.138,794.12,0,0,0,0,5.35,5.2,0,0,12
2024-08-20,5.32,5.4,2101,5.31,5.38,3346.138,794.12,245,245,0,0.776181,5.32,5.18,0,0,11
2024-08-21,5.31,5.4,1975,5.31,5.35,3355.586,736.494,0,0,0,0,5.3,5.16,0,0,10
2024-08-22,5.31,5.4,2037,5.31,5.37,3355.586,736.494,221,221,0,10.7574908,5.33,5.18,0,0,9
2024-08-23,5.33,5.4,2152,5.32,5.39,3355.586,736.494,0,0,0,0,5.34,5.14,0,0,8
2024-08-26,5.34,5.4,2039,5.32,5.4,3355.586,736.494,0,0,0,0,5.33,5.11,0,0,5
2024-08-27,5.35,5.4,2227,5.34,5.46,3355.586,736.494,280,280,0,0.672879,5.33,5.11,0,0,4
2024-08-28,5.35,5.4,2030,5.34,5.44,3313.566,745.851,0,0,0,0,5.32,5.09,0,0,3
2024-08-29,5.33,5.4,2088,5.32,5.39,3313.566,745.851,221,221,0,10.1764826,5.27,5.11,0,0,2
2024-08-30,5.32,5.4,2011,5.32,5.38,3313.566,745.851,36,0,36,0,5.27,5.11,0,0,1
2024-09-03,5.34,5.4,2403,5.33,5.45,3313.566,745.851,424,225,199,16.5018443,5.25,5.1,0,0,27
2024-09-04,5.35,5.4,2169,5.33,5.43,3243.002,733.959,0,0,0,0,5.2,5.09,0,0,26
2024-09-05,5.35,5.4,2205,5.33,5.43,3243.002,733.959,257,257,0,2.1926874,5.17,5.07,0,0,25
2024-09-06,5.34,5.4,2119,5.33,5.42,3243.002,733.959,0,0,0,0,5.15,5.06,0,0,24
2024-09-09,5.34,5.4,2094,5.32,5.41,3243.002,733.959,0,0,0,0,5.12,5.02,0,0,21
2024-09-10,5.33,5.4,2161,5.32,5.38,3243.002,733.959,220,220,0,0.687375,5.06,4.98,0,0,20
2024-09-11,5.32,5.4,2308,5.31,5.37,3320.818,755.958,0,0,0,0,5.09,5.02,0,0,19
2024-09-12,5.33,5.4,2087,5.31,5.39,3320.818,755.958,206,206,0,1.7898978,5.06,4.98,0,0,18
2024-09-13,5.33,5.4,2232,5.32,5.39,3320.818,755.958,0,0,0,0,5.03,4.9,0,0,17
2024-09-16,5.38,5.4,2212,5.33,5.44,3320.818,755.958,119,0,119,1.1371445,4.99,4.87,0,1,14
2024-09-17,5.38,5.4,2161,5.33,5.43,3320.818,755.958,220,220,0,0.7210193,4.93,4.87,0,1,13
2024-09-18,5.33,5.4,2194,5.32,5.38,3313.281,771.194,0,0,0,0,4.79,4.77,0,1,12
2024-09-19,4.82,4.9,2378,4.81,4.86,3313.281,771.194,206,206,0,0.4984613,4.77,4.73,0,0,11
2024-09-20,4.83,4.9,2147,4.82,4.88,3313.281,771.194,0,0,0,0,4.76,4.67,0,0,10
2024-09-23,4.83,4.9,2198,4.82,4.89,3313.281,771.194,0,0,0,0,4.74,4.65,0,0,7
2024-09-24,4.84,4.9,2171,4.83,4.91,3313.281,771.194,220,220,0,0.7426366,4.67,4.61,0,0,6
2024-09-25,4.84,4.9,2133,4.83,4.91,3169.149,806.771,0,0,0,0,4.68,4.63,0,0,5
2024-09-26,4.83,4.9,2329,4.82,4.89,3169.149,806.771,206,206,0,1.8940652,4.78,4.61,0,0,4
2024-09-27,4.84,4.9,2077,4.83,4.9,3169.149,806.771,28,0,28,0,4.79,4.61,0,0,3
2024-09-30,4.96,4.9,2523,4.88,5.02,3169.149,806.771,213,0,213,4.3970638,4.82,4.64,1,0,0
2024-10-01,5.05,4.9,2395,4.92,5.14,3169.149,806.771,237,237,0,0.763926,4.84,4.61,0,0,30
2024-10-02,4.92,4.9,2426,4.87,5.01,3089.598,798.277,0,0,0,0,4.81,4.59,0,0,29
2024-10-03,4.85,4.9,2182,4.83,4.91,3089.598,798.277,269,269,0,12.4133113,4.84,4.59,0,0,28
2024-10-04,4.83,4.9,2377,4.82,4.89,3089.598,798.277,0,0,0,0,4.86,4.64,0,0,27
2024-10-07,4.83,4.9,2350,4.82,4.88,3089.598,798.277,0,0,0,0,4.86,4.67,0,0,24
2024-10-08,4.84,4.9,2166,4.83,4.9,3089.598,798.277,249,249,0,0.7725101,4.83,4.65,0,0,23
2024-10-09,4.83,4.9,2220,4.82,4.88,3186.207,802.115,0,0,0,0,4.8,4.66,0,0,22
2024-10-10,4.82,4.9,2198,4.81,4.86,3186.207,802.115,233,233,0,8.3752118,4.84,4.66,0,0,21
2024-10-11,4.81,4.9,2058,4.81,4.85,3186.207,802.115,0,0,0,0,4.83,4.64,0,0,20
2024-10-15,4.86,4.9,2272,4.84,4.94,3186.207,802.115,368,249,119,2.4312923,4.8,4.64,0,0,16
2024-10-16,4.86,4.9,2317,4.84,4.94,3209.877,791.792,0,0,0,0,4.79,4.63,0,0,15
2024-10-17,4.85,4.9,2334,4.84,4.94,3209.877,791.792,233,233,0,9.2071045,4.79,4.66,0,0,14
2024-10-18,4.84,4.9,2168,4.82,4.9,3209.877,791.792,0,0,0,0,4.78,4.64,0,0,13
2024-10-21,4.82,4.9,2322,4.81,4.87,3209.877,791.792,0,0,0,0,4.78,4.63,0,0,10
2024-10-22,4.83,4.9,2226,4.82,4.89,3209.877,791.792,249,249,0,0.766597,4.76,4.63,0,0,9
2024-10-23,4.83,4.9,2129,4.82,4.89,3230.145,829.991,0,0,0,0,4.75,4.64,0,0,8
2024-10-24,4.83,4.9,2246,4.83,4.89,3230.145,829.991,233,233,0,8.6062277,4.74,4.61,0,0,7
2024-10-25,4.83,4.9,2188,4.82,4.89,3230.145,829.991,0,0,0,0,4.75,4.63,0,0,6
2024-10-28,4.82,4.9,2194,4.81,4.88,3230.145,829.991,0,0,0,0,4.74,4.6,0,0,3
2024-10-29,4.82,4.9,2116,4.81,4.86,3230.145,829.991,249,249,0,0.6932014,4.75,4.6,0,0,2
2024-10-30,4.81,4.9,2045,4.81,4.85,3236.958,835.237,0,0,0,0,4.75,4.58,0,0,1
2024-10-31,4.9,4.9,2244,4.86,4.98,3236.958,835.237,531,281,250,24.6209265,4.66,4.55,0,0,0
2024-11-01,4.86,4.9,2164,4.84,4.93,3236.958,835.237,0,0,0,0,4.65,4.52,0,0,29
2024-11-04,4.82,4.9,2308,4.82,4.87,3236.958,835.237,0,0,0,0,4.64,4.55,0,0,26
2024-11-05,4.82,4.9,2235,4.81,4.85,3236.958,835.237,249,249,0,0.6996755,4.62,4.54,0,0,25
2024-11-06,4.81,4.9,2128,4.81,4.85,3274.12,842.051,0,0,0,0,4.58,4.55,0,0,24
2024-11-07,4.82,4.9,2266,4.81,4.87,3274.12,842.051,233,233,0,12.0827568,4.59,4.54,0,0,23
2024-11-08,4.6,4.65,2184,4.58,4.66,3274.12,842.051,0,0,0,0,4.59,4.54,0,0,22
2024-11-12,4.6,4.65,2298,4.58,4.66,3274.12,842.051,249,249,0,0.7195998,4.6,4.54,0,0,18
2024-11-13,4.59,4.65,2233,4.58,4.64,3244.149,832.186,0,0,0,0,4.59,4.51,0,0,17
2024-11-14,4.58,4.65,2177,4.57,4.62,3244.149,832.186,233,233,0,13.9113309,4.6,4.52,0,0,16
2024-11-15,4.57,4.65,2425,4.56,4.62,3244.149,832.186,125,0,125,30.3784025,4.6,4.52,0,0,15
2024-11-18,4.57,4.65,2297,4.56,4.62,3244.149,832.186,0,0,0,0,4.6,4.53,0,0,12
2024-11-19,4.57,4.65,2275,4.56,4.62,3244.149,832.186,249,249,0,0.7292137,4.57,4.52,0,0,11
2024-11-20,4.56,4.65,2155,4.56,4.61,3286.885,751.873,0,0,0,0,4.58,4.53,0,0,10
2024-11-21,4.57,4.65,2291,4.56,4.62,3286.885,751.873,283,283,0,11.1802513,4.62,4.54,0,0,9
2024-11-22,4.57,4.65,2188,4.56,4.62,3286.885,751.873,0,0,0,0,4.61,4.54,0,0,8
2024-11-25,4.58,4.65,2206,4.57,4.64,3286.885,751.873,0,0,0,0,4.64,4.53,0,0,5
2024-11-26,4.58,4.65,2214,4.57,4.64,3286.885,751.873,289,289,0,0.7229466,4.64,4.51,0,0,4
2024-11-27,4.57,4.65,2136,4.56,4.63,3227.674,775.25,0,0,0,0,4.63,4.51,0,0,3
2024-11-29,4.59,4.65,2209,4.58,4.66,3227.674,775.25,326,281,45,13.9118582,4.63,4.5,0,0,1
2024-12-02,4.64,4.65,2440,4.6,4.72,3227.674,775.25,199,0,199,13.5356147,4.63,4.49,0,0,29
2024-12-03,4.64,4.65,2329,4.6,4.7,3227.674,775.25,249,249,0,0.7339511,4.55,4.47,0,0,28
2024-12-04,4.59,4.65,2265,4.58,4.66,3225.075,789.516,0,0,0,0,4.54,4.46,0,0,27
2024-12-05,4.59,4.65,2325,4.57,4.65,3225.075,789.516,228,228,0,1.6491252,4.47,4.45,0,0,26
2024-12-06,4.6,4.65,2277,4.58,4.68,3225.075,789.516,0.025,0.025,0,0,4.45,4.42,0,0,25
2024-12-09,4.63,4.65,2305,4.6,4.69,3225.075,789.516,0,0,0,0,4.45,4.41,0,0,22
2024-12-10,4.64,4.65,2308,4.61,4.72,3225.075,789.516,229,229,0,0.7481894,4.41,4.4,0,0,21
2024-12-11,4.62,4.65,2287,4.6,4.68,3264.559,775.067,0,0,0,0,4.37,4.37,0,0,20
2024-12-12,4.62,4.65,2262,4.6,4.68,3264.559,775.067,223,223,0,2.4486941,4.31,4.33,0,0,19
2024-12-13,4.6,4.65,2255,4.59,4.66,3264.559,775.067,0,0,0,0,4.31,4.33,0,0,18
2024-12-16,4.65,4.65,2360,4.61,4.71,3264.559,775.067,119,0,119,0.8522625,4.31,4.36,0,1,15
2024-12-17,4.62,4.65,2341,4.59,4.68,3264.559,775.067,219,219,0,0.7453825,4.34,4.37,0,1,14
2024-12-18,4.57,4.65,2291,4.56,4.62,3282.229,767.932,0,0,0,0,4.32,4.36,0,1,13
2024-12-19,4.3,4.4,2390,4.27,4.35,3282.229,767.932,218,218,0,0.5991985,4.3,4.33,0,0,12
2024-12-20,4.3,4.4,2330,4.28,4.37,3282.229,767.932,0,0,0,0,4.31,4.33,0,0,11
2024-12-23,4.31,4.4,2337,4.3,4.38,3282.229,767.932,0,0,0,0,4.32,4.35,0,0,8
2024-12-24,4.4,4.4,2282,4.39,4.5,3282.229,767.932,219,219,0,0.6911644,4.32,4.39,0,0,7
2024-12-26,4.53,4.4,2320,4.5,4.7,3247.382,764.77,266,266,0,3.9358655,4.33,4.34,0,0,5
2024-12-27,4.46,4.4,2275,4.45,4.62,3247.382,764.77,28,0,28,0,4.32,4.29,0,0,4
2024-12-30,4.37,4.4,2290,4.35,4.48,3247.382,764.77,0,0,0,0,4.32,4.34,0,0,1
2024-12-31,4.49,4.4,2474,4.45,4.65,3247.382,764.77,427,209,218,2.858137,4.29,4.34,1,0,0
2025-01-02,4.4,4.4,2501,4.36,4.48,3095.997,719.873,231,231,0,9.2477407,4.33,4.32,0,0,29
2025-01-03,4.31,4.4,2398,4.3,4.38,3095.997,719.873,0,0,0,0,4.32,4.3,0,0,28
2025-01-06,4.27,4.4,2349,4.26,4.31,3095.997,719.873,0,0,0,0,4.31,4.31,0,0,25
2025-01-07,4.27,4.4,2322,4.26,4.32,3095.997,719.873,229,229,0,0.7252745,4.31,4.31,0,0,24
2025-01-08,4.29,4.4,2213,4.27,4.35,3254.743,652.636,0,0,0,0,4.31,4.31,0,0,23
2025-01-09,4.3,4.4,2211,4.28,4.36,3254.743,652.636,241,241,0,8.3773816,4.32,4.31,0,0,22
2025-01-10,4.3,4.4,2204,4.29,4.37,3254.743,652.636,0,0,0,0,4.31,4.32,0,0,21
2025-01-13,4.29,4.4,2211,4.28,4.34,3254.743,652.636,0,0,0,0,4.31,4.34,0,0,18
2025-01-14,4.28,4.4,2179,4.27,4.33,3254.743,652.636,249,249,0,0.7324987,4.31,4.32,0,0,17
2025-01-15,4.28,4.4,2280,4.27,4.34,3340.816,641.225,119,0,119,26.1488767,4.3,4.31,0,0,16
2025-01-16,4.29,4.4,2318,4.27,4.35,3340.816,641.225,241,241,0,8.9982086,4.31,4.31,0,0,15
2025-01-17,4.29,4.4,2326,4.27,4.34,3340.816,641.225,0,0,0,0,4.31,4.3,0,0,14
2025-01-21,4.29,4.4,2361,4.27,4.35,3340.816,641.225,249,249,0,0.7163234,4.31,4.32,0,0,10
2025-01-22,4.3,4.4,2269,4.29,4.37,3332.278,677.282,0,0,0,0,4.32,4.32,0,0,9
2025-01-23,4.35,4.4,2269,4.34,4.43,3332.278,677.282,354,354,0,11.1417997,4.33,4.32,0,0,8
2025-01-24,4.34,4.4,2289,4.33,4.4,3332.278,677.282,0,0,0,0,4.33,4.31,0,0,7
2025-01-27,4.34,4.4,2338,4.33,4.4,3332.278,677.282,0,0,0,0,4.33,4.3,0,0,4
2025-01-28,4.35,4.4,2283,4.34,4.43,3332.278,677.282,249,249,0,0.7212895,4.34,4.3,0,0,3
2025-01-29,4.35,4.4,2323,4.33,4.41,3224.785,784.206,0,0,0,0,4.33,4.3,0,0,2
2025-01-30,4.36,4.4,2369,4.35,4.43,3224.785,784.206,241,241,0,15.4196424,4.32,4.29,0,0,1
2025-01-31,4.38,4.4,2533,4.34,4.44,3224.785,784.206,246,0,246,13.6602118,4.33,4.3,0,0,0
2025-02-03,4.35,4.4,2413,4.33,4.41,3224.785,784.206,0,0,0,0,4.32,4.32,0,0,25
2025-02-04,4.33,4.4,2344,4.32,4.38,3224.785,784.206,249,249,0,0.7291397,4.31,4.32,0,0,24
2025-02-05,4.33,4.4,2343,4.31,4.38,3177.065,805.593,0,0,0,0,4.3,4.32,0,0,23
2025-02-06,4.36,4.4,2365,4.34,4.43,3177.065,805.593,241,241,0,12.0113831,4.32,4.32,0,0,22
2025-02-07,4.35,4.4,2336,4.34,4.41,3177.065,805.593,0,0,0,0,4.32,4.34,0,0,21
2025-02-10,4.35,4.4,2316,4.34,4.41,3177.065,805.593,0,0,0,0,4.34,4.34,0,0,18
2025-02-11,4.34,4.4,2321,4.32,4.4,3177.065,805.593,249,249,0,0.7398562,4.34,4.34,0,0,17
2025-02-12,4.32,4.4,2313,4.31,4.38,3220.027,828.102,0,0,0,0,4.33,4.34,0,0,16
2025-02-13,4.33,4.4,2329,4.32,4.39,3220.027,828.102,241,241,0,13.7688065,4.32,4.32,0,0,15
2025-02-14,4.33,4.4,2319,4.31,4.39,3220.027,828.102,0,0,0,0,4.33,4.32,0,0,14
2025-02-18,4.37,4.4,2452,4.35,4.43,3220.027,828.102,362,237,125,35.0461842,4.33,4.34,0,0,10
2025-02-19,4.35,4.4,2394,4.33,4.41,3270.082,790.062,0,0,0,0,4.33,4.32,0,0,9
2025-02-20,4.33,4.4,2403,4.31,4.39,3270.082,790.062,278,278,0,14.5237053,4.32,4.31,0,0,8
2025-02-21,4.34,4.4,2400,4.32,4.39,3270.082,790.062,0,0,0,0,4.32,4.31,0,0,7
2025-02-24,4.34,4.4,2425,4.32,4.39,3270.082,790.062,0,0,0,0,4.31,4.29,0,0,4
2025-02-25,4.33,4.4,2467,4.31,4.38,3270.082,790.062,225,225,0,0.6924459,4.3,4.29,0,0,3
2025-02-26,4.33,4.4,2487,4.32,4.39,3327.249,681.161,0,0,0,0,4.3,4.3,0,0,2
2025-02-27,4.36,4.4,2557,4.34,4.41,3327.249,681.161,219,219,0,10.4854067,4.31,4.3,0,0,1
2025-02-28,4.39,4.4,2684,4.36,4.46,3327.249,681.161,236,0,236,23.7865194,4.31,4.3,0,0,0
2025-03-03,4.33,4.4,2636,4.31,4.39,3327.249,681.161,0,0,0,0,4.32,4.31,0,0,28
2025-03-04,4.33,4.4,2562,4.32,4.39,3327.249,681.161,215,215,0,0.7113931,4.32,4.3,0,0,27
2025-03-05,4.34,4.4,2525,4.33,4.39,3312.625,548.331,0,0,0,0,4.31,4.31,0,0,26
2025-03-06,4.35,4.4,2558,4.34,4.4,3312.625,548.331,254,254,0,1.6724836,4.31,4.3,0,0,25
2025-03-07,4.34,4.4,2477,4.33,4.4,3312.625,548.331,0,0,0,0,4.31,4.3,0,0,24
2025-03-10,4.33,4.4,2505,4.32,4.38,3312.625,548.331,0,0,0,0,4.31,4.29,0,0,21
2025-03-11,4.32,4.4,2502,4.31,4.37,3312.625,548.331,210,210,0,0.7319904,4.3,4.3,0,0,20
2025-03-12,4.31,4.4,2489,4.3,4.36,3400.235,512.581,0,0,0,0,4.29,4.31,0,0,19
2025-03-13,4.3,4.4,2462,4.29,4.35,3400.235,512.581,214,214,0,2.1545376,4.3,4.3,0,0,18
2025-03-14,4.3,4.4,2441,4.29,4.35,3400.235,512.581,0,0,0,0,4.3,4.3,0,0,17
2025-03-17,4.32,4.4,2473,4.31,4.39,3400.235,512.581,119,0,119,2.0170406,4.31,4.3,0,0,14
2025-03-18,4.31,4.4,2465,4.3,4.37,3400.235,512.581,210,210,0,0.7148341,4.31,4.3,0,0,13
2025-03-19,4.29,4.4,2376,4.28,4.34,3467.789,435.936,0,0,0,0,4.3,4.3,0,0,12
2025-03-20,4.29,4.4,2438,4.28,4.34,3467.789,435.936,262,262,0,0.735523,4.29,4.29,0,0,11
2025-03-21,4.3,4.4,2444,4.29,4.35,3467.789,435.936,0,0,0,0,4.29,4.29,0,0,10
2025-03-24,4.31,4.4,2457,4.3,4.35,3467.789,435.936,0,0,0,0,4.29,4.29,0,0,7
2025-03-25,4.33,4.4,2460,4.31,4.39,3467.789,435.936,210,210,0,0.7081153,4.29,4.29,0,0,6
2025-03-26,4.35,4.4,2472,4.34,4.42,3450.933,360.177,0,0,0,0,4.29,4.3,0,0,5
2025-03-27,4.36,4.4,2468,4.34,4.41,3450.933,360.177,214,214,0,2.4942085,4.3,4.3,0,0,4
2025-03-28,4.34,4.4,2440,4.33,4.4,3450.933,360.177,28,0,28,0,4.31,4.3,0,0,3
2025-03-31,4.41,4.4,2636,4.37,4.47,3450.933,360.177,214,0,214,6.3207311,4.31,4.31,1,0,0
2025-04-01,4.39,4.4,2589,4.35,4.44,3450.933,360.177,210,210,0,0.7168949,4.31,4.3,0,0,29
2025-04-02,4.37,4.4,2555,4.34,4.43,3379.339,313.326,0,0,0,0,4.31,4.31,0,0,28
2025-04-03,4.39,4.4,2577,4.37,4.46,3379.339,313.326,264,264,0,13.6502846,4.31,4.3,0,0,27
2025-04-04,4.35,4.4,2587,4.33,4.41,3379.339,313.326,0,0,0,0,4.31,4.27,0,0,26
2025-04-07,4.33,4.4,2630,4.31,4.38,3379.339,313.326,0,0,0,0,4.31,4.27,0,0,23
2025-04-08,4.4,4.4,2658,4.38,4.47,3379.339,313.326,265,265,0,0.737944,4.31,4.29,0,0,22
2025-04-09,4.42,4.4,2663,4.4,4.5,3474.682,306.049,0,0,0,0,4.31,4.35,0,0,21
2025-04-10,4.37,4.4,2657,4.36,4.43,3474.682,306.049,214,214,0,12.0430667,4.32,4.32,0,0,20
2025-04-11,4.33,4.4,2584,4.32,4.38,3474.682,306.049,0,0,0,0,4.32,4.33,0,0,19
2025-04-14,4.33,4.4,2561,4.33,4.39,3474.682,306.049,0,0,0,0,4.3,4.32,0,0,16
2025-04-15,4.36,4.4,2526,4.35,4.44,3474.682,306.049,339,220,119,20.5889964,4.3,4.32,0,1,15
2025-04-16,4.31,4.4,2513,4.3,4.37,3452.03,422.983,0,0,0,0,4.3,4.31,0,0,14
2025-04-17,4.32,4.4,2505,4.31,4.38,3452.03,422.983,262,262,0,12.8331539,4.32,4.33,0,1,13
2025-04-21,4.32,4.4,2469,4.32,4.38,3452.03,422.983,0,0,0,0,4.31,4.32,0,0,9
2025-04-22,4.3,4.4,2527,4.29,4.36,3452.03,422.983,220,220,0,0.7010855,4.28,4.32,0,0,8
2025-04-23,4.28,4.4,2475,4.27,4.33,3256.734,606.632,0,0,0,0,4.28,4.32,0,0,7
2025-04-24,4.29,4.4,2542,4.28,4.34,3256.734,606.632,214,214,0,9.3425447,4.3,4.31,0,0,6
2025-04-25,4.33,4.4,2565,4.32,4.39,3256.734,606.632,0,0,0,0,4.3,4.31,0,0,5
2025-04-28,4.36,4.4,2567,4.35,4.43,3256.734,606.632,0,0,0,0,4.3,4.3,0,0,2
2025-04-29,4.36,4.4,2623,4.35,4.44,3256.734,606.632,220,220,0,0.7227843,4.31,4.3,0,0,1
2025-04-30,4.41,4.4,2830,4.37,4.48,3219.214,595.741,251,0,251,17.1882506,4.3,4.3,0,0,0
2025-05-01,4.39,4.4,2789,4.35,4.45,3219.214,595.741,214,214,0,15.8082128,4.31,4.3,0,0,30
2025-05-02,4.36,4.4,2694,4.33,4.42,3219.214,595.741,0,0,0,0,4.31,4.32,0,0,29
2025-05-05,4.33,4.4,2632,4.31,4.38,3219.214,595.741,0,0,0,0,4.31,4.32,0,0,26
2025-05-06,4.32,4.4,2620,4.31,4.38,3219.214,595.741,220,220,0,0.7387058,4.3,4.32,0,0,25
2025-05-07,4.3,4.4,2535,4.29,4.36,3218.636,583.727,0,0,0,0,4.29,4.32,0,0,24
2025-05-08,4.29,4.4,2545,4.28,4.34,3218.636,583.727,214,214,0,12.9695337,4.3,4.33,0,0,23
2025-05-09,4.28,4.4,2479,4.27,4.33,3218.636,583.727,0,0,0,0,4.3,4.32,0,0,22
2025-05-12,4.28,4.4,2535,4.27,4.34,3218.636,583.727,0,0,0,0,4.31,4.42,0,0,19
2025-05-13,4.3,4.4,2565,4.29,4.36,3218.636,583.727,245,245,0,0.7243426,4.32,4.4,0,0,18
2025-05-14,4.29,4.4,2543,4.28,4.34,3235.723,575.846,0,0,0,0,4.32,4.4,0,0,17
2025-05-15,4.31,4.4,2686,4.3,4.38,3235.723,575.846,387,262,125,67.1223342,4.3,4.38,0,0,16
2025-05-16,4.3,4.4,2617,4.29,4.36,3235.723,575.846,0,0,0,0,4.3,4.35,0,0,15
2025-05-19,4.29,4.4,2570,4.28,4.34,3235.723,575.846,0,0,0,0,4.3,4.39,0,0,12
2025-05-20,4.27,4.4,2554,4.26,4.32,3235.723,575.846,220,220,0,0.7078875,4.29,4.37,0,0,11
2025-05-21,4.26,4.4,2517,4.26,4.3,3289.469,503.055,0,0,0,0,4.28,4.35,0,0,10
2025-05-22,4.26,4.4,2540,4.26,4.29,3289.469,503.055,214,214,0,13.3800992,4.3,4.36,0,0,9
2025-05-23,4.26,4.4,2542,4.26,4.31,3289.469,503.055,0,0,0,0,4.29,4.34,0,0,8
2025-05-27,4.31,4.4,2655,4.3,4.38,3289.469,503.055,220,220,0,0.7206831,4.29,4.35,0,0,4
2025-05-28,4.33,4.4,2605,4.32,4.39,3270.661,467.204,0,0,0,0,4.28,4.35,0,0,3
2025-05-29,4.33,4.4,2652,4.32,4.39,3270.661,467.204,214,214,0,12.0508287,4.29,4.36,0,0,2
2025-05-30,4.35,4.4,2641,4.34,4.42,3270.661,467.204,46,0,46,0,4.29,4.35,0,0,1
2025-06-02,4.35,4.4,2771,4.32,4.4,3270.661,467.204,199,0,199,27.243402,4.29,4.36,0,0,28
2025-06-03,4.32,4.4,2711,4.3,4.37,3270.661,467.204,200,200,0,0.7302408,4.28,4.35,0,0,27
2025-06-04,4.28,4.4,2625,4.27,4.34,3294.381,378.947,0,0,0,0,4.28,4.36,0,0,26
2025-06-05,4.29,4.4,2685,4.27,4.34,3294.381,378.947,204,204,0,4.4259977,4.22,4.36,0,0,25
2025-06-06,4.29,4.4,2667,4.27,4.34,3294.381,378.947,0,0,0,0,4.24,4.35,0,0,24
2025-06-09,4.29,4.4,2643,4.27,4.34,3294.381,378.947,0,0,0,0,4.25,4.36,0,0,21
2025-06-10,4.28,4.4,2634,4.27,4.33,3294.381,378.947,180,180,0,0.7177634,4.24,4.37,0,0,20
2025-06-11,4.28,4.4,2600,4.27,4.33,3407.108,332.907,0,0,0,0,4.25,4.37,0,0,19
2025-06-12,4.28,4.4,2663,4.27,4.33,3407.108,332.907,247,247,0,8.072121,4.14,4.38,0,0,18
2025-06-13,4.28,4.4,2644,4.27,4.34,3407.108,332.907,0,0,0,0,4.19,4.36,0,0,17
2025-06-16,4.32,4.4,2697,4.3,4.38,3407.108,332.907,119,0,119,2.1400798,4.2,4.34,0,1,14
2025-06-17,4.31,4.4,2692,4.29,4.36,3407.108,332.907,180,180,0,0.6974706,4.19,4.33,0,1,13
2025-06-18,4.28,4.4,2639,4.27,4.34,3406.366,337.762,0,0,0,0,4.17,4.33,0,1,12
2025-06-20,4.29,4.4,2700,4.27,4.34,3406.366,337.762,199,199,0,4.7377045,4.16,4.31,0,0,10
2025-06-23,4.29,4.4,2740,4.27,4.34,3406.366,337.762,0,0,0,0,4.15,4.29,0,0,7
2025-06-24,4.3,4.4,2733,4.28,4.36,3406.366,337.762,180,180,0,0.7095018,4.12,4.29,0,0,6
2025-06-25,4.36,4.4,2772,4.33,4.43,3369.328,364.375,0,0,0,0,4.11,4.29,0,0,5
2025-06-26,4.4,4.4,2802,4.38,4.48,3369.328,364.375,199,199,0,8.4402167,4.08,4.31,0,0,4
2025-06-27,4.39,4.4,2775,4.37,4.46,3369.328,364.375,28,0,28,0,4.15,4.3,0,0,3
2025-06-30,4.45,4.4,2946,4.39,4.51,3369.328,364.375,219,0,219,21.7934467,4.23,4.35,1,0,0
2025-07-01,4.44,4.4,2920,4.39,4.51,3369.328,364.375,233,233,0,0.7242002,4.25,4.35,0,0,30
2025-07-02,4.4,4.4,2882,4.37,4.47,3225.98,359.516,0,0,0,0,4.24,4.35,0,0,29
2025-07-03,4.35,4.4,2846,4.32,4.41,3225.98,359.516,200,200,0,13.4926206,4.3,4.36,0,0,28
2025-07-07,4.33,4.4,2814,4.31,4.39,3225.98,359.516,0,0,0,0,4.32,4.37,0,0,24
2025-07-08,4.34,4.4,2765,4.32,4.39,3225.98,359.516,225,225,0,0.7152675,4.3,4.37,0,0,23
2025-07-09,4.32,4.4,2752,4.31,4.38,3330.249,319.889,0,0,0,0,4.3,4.37,0,0,22
2025-07-10,4.31,4.4,2735,4.3,4.37,3330.249,319.889,255,255,0,14.6767279,4.32,4.36,0,0,21
2025-07-11,4.31,4.4,2754,4.3,4.38,3330.249,319.889,0,0,0,0,4.32,4.35,0,0,20
2025-07-14,4.33,4.4,2759,4.32,4.39,3330.249,319.889,0,0,0,0,4.32,4.37,0,0,17
2025-07-15,4.37,4.4,2784,4.36,4.44,3330.249,319.889,334,215,119,14.7779154,4.31,4.36,0,0,16
2025-07-16,4.34,4.4,2771,4.33,4.4,3398.822,296.247,0,0,0,0,4.31,4.35,0,0,15
2025-07-17,4.34,4.4,2743,4.33,4.39,3398.822,296.247,225,225,0,9.1773777,4.31,4.34,0,0,14
2025-07-18,4.3,4.4,2775,4.29,4.36,3398.822,296.247,0,0,0,0,4.31,4.34,0,0,13
2025-07-21,4.28,4.4,2688,4.27,4.33,3398.822,296.247,0,0,0,0,4.3,4.35,0,0,10
2025-07-22,4.28,4.4,2692,4.27,4.33,3398.822,296.247,235,235,0,0.704215,4.3,4.35,0,0,9
2025-07-23,4.28,4.4,2659,4.27,4.33,3362.277,323.176,0,0,0,0,4.29,4.36,0,0,8
2025-07-24,4.3,4.4,2725,4.29,4.36,3362.277,323.176,235,235,0,9.0477489,4.32,4.36,0,0,7
2025-07-25,4.36,4.4,2766,4.35,4.43,3362.277,323.176,0,0,0,0,4.33,4.35,0,0,6
2025-07-28,4.36,4.4,2783,4.35,4.43,3362.277,323.176,0,0,0,0,4.34,4.35,0,0,3
2025-07-29,4.36,4.4,2754,4.34,4.42,3362.277,323.176,245,245,0,0.693323,4.33,4.35,0,0,2
2025-07-30,4.32,4.4,2727,4.31,4.38,3347.414,370.507,0,0,0,0,4.34,4.36,0,0,1
2025-07-31,4.39,4.4,2933,4.36,4.45,3347.414,370.507,482,235,247,30.8600128,4.37,4.34,0,0,0
2025-08-01,4.34,4.4,2885,4.32,4.39,3347.414,370.507,0,0,0,0,4.36,4.29,0,0,30
2025-08-04,4.33,4.4,2828,4.31,4.38,3347.414,370.507,0,0,0,0,4.37,4.26,0,0,27
2025-08-05,4.34,4.4,2863,4.33,4.4,3347.414,370.507,245,245,0,0.663677,4.36,4.26,0,0,26
2025-08-06,4.34,4.4,2866,4.32,4.39,3332.492,421.043,0,0,0,0,4.36,4.24,0,0,25
2025-08-07,4.35,4.4,2855,4.33,4.41,3332.492,421.043,290,290,0,16.1720548,4.36,4.24,0,0,24
2025-08-08,4.35,4.4,2817,4.33,4.4,3332.492,421.043,0,0,0,0,4.36,4.24,0,0,23
2025-08-11,4.34,4.4,2796,4.33,4.4,3332.492,421.043,0,0,0,0,4.35,4.25,0,0,20
2025-08-12,4.36,4.4,2804,4.34,4.41,3332.492,421.043,250,250,0,0.670816,4.31,4.24,0,0,19
2025-08-13,4.33,4.4,2796,4.32,4.39,3320.05,504.304,0,0,0,0,4.31,4.21,0,0,18
2025-08-14,4.34,4.4,2767,4.32,4.4,3320.05,504.304,240,240,0,16.3992262,4.35,4.22,0,0,17
2025-08-15,4.36,4.4,2821,4.34,4.42,3320.05,504.304,125,0,125,42.4217422,4.35,4.22,0,0,16
2025-08-18,4.34,4.4,2810,4.33,4.4,3320.05,504.304,0,0,0,0,4.35,4.24,0,0,13
2025-08-19,4.33,4.4,2760,4.31,4.38,3320.05,504.304,250,250,0,0.6776967,4.34,4.22,0,0,12
2025-08-20,4.31,4.4,2704,4.3,4.37,3317.292,519.534,0,0,0,0,4.34,4.22,0,0,11
2025-08-21,4.32,4.4,2702,4.31,4.39,3317.292,519.534,240,240,0,11.2866487,4.37,4.24,0,0,10
2025-08-22,4.36,4.4,2738,4.35,4.42,3317.292,519.534,0,0,0,0,4.35,4.2,0,0,9
2025-08-25,4.37,4.4,2825,4.36,4.43,3317.292,519.534,0,0,0,0,4.35,4.2,0,0,6
2025-08-26,4.38,4.4,2820,4.37,4.44,3317.292,519.534,250,250,0,0.675269,4.31,4.2,0,0,5
2025-08-27,4.36,4.4,2889,4.35,4.42,3224.967,589.998,0,0,0,0,4.31,4.18,0,0,4
2025-08-28,4.34,4.4,2870,4.33,4.4,3224.967,589.998,240,240,0,10.3906605,4.32,4.18,0,0,3
2025-08-29,4.34,4.4,2880,4.33,4.4,3224.967,589.998,36,0,36,0,4.32,4.15,0,0,2
2025-09-02,4.39,4.4,2947,4.36,4.46,3224.967,589.998,449,250,199,24.6711621,4.31,4.15,0,0,28
2025-09-03,4.39,4.4,2880,4.36,4.45,3181.701,597.513,0,0,0,0,4.26,4.13,0,0,27
2025-09-04,4.41,4.4,2834,4.38,4.47,3181.701,597.513,290,290,0,5.8357605,4.24,4.11,0,0,26
2025-09-05,4.42,4.4,2847,4.4,4.49,3181.701,597.513,0,0,0,0,4.21,4.01,0,0,25
2025-09-08,4.4,4.4,2872,4.39,4.47,3181.701,597.513,0,0,0,0,4.18,4.05,0,0,22
2025-09-09,4.4,4.4,2863,4.38,4.46,3181.701,597.513,250,250,0,0.692944,4.16,4.05,0,0,21
2025-09-10,4.39,4.4,2800,4.37,4.45,3160.774,672.274,0,0,0,0,4.15,4.03,0,0,20
2025-09-11,4.41,4.4,2828,4.38,4.46,3160.774,672.274,240,240,0,7.9480275,4.14,4.03,0,0,19
2025-09-12,4.42,4.4,2830,4.4,4.48,3160.774,672.274,0,0,0,0,4.16,4.03,0,0,18
2025-09-15,4.51,4.4,2877,4.5,4.62,3160.774,672.274,119,0,119,0,4.14,4,0,1,15
2025-09-16,4.39,4.4,2857,4.36,4.45,3160.774,672.274,250,250,0,0.7038717,4.11,3.99,0,1,14
2025-09-17,4.38,4.4,2853,4.35,4.43,3073.355,756.376,0,0,0,0,4.09,3.97,0,1,13
2025-09-18,4.14,4.15,2894,4.11,4.2,3073.355,756.376,240,240,0,6.7403586,4.11,3.98,0,0,12
2025-09-19,4.14,4.15,2881,4.12,4.21,3073.355,756.376,0,0,0,0,4.11,3.98,0,0,11
2025-09-22,4.14,4.15,2906,4.12,4.2,3073.355,756.376,0,0,0,0,4.09,3.95,0,0,8
2025-09-23,4.12,4.15,2877,4.09,4.18,3073.355,756.376,250,250,0,0.7071982,4.08,3.95,0,0,7
2025-09-24,4.13,4.15,2852,4.12,4.2,3002.218,804.856,0,0,0,0,4.09,3.96,0,0,6
2025-09-25,4.18,4.15,2965,4.17,4.26,3002.218,804.856,240,240,0,9.8240108,4.15,3.98,0,0,5
2025-09-26,4.16,4.15,2917,4.14,4.22,3002.218,804.856,28,0,28,0,4.14,3.96,0,0,4
2025-09-29,4.13,4.15,2893,4.12,4.21,3002.218,804.856,0,0,0,0,4.13,3.95,0,0,1
2025-09-30,4.24,4.15,3148,4.2,4.31,3002.218,804.856,465,250,215,12.5828329,4.12,3.95,1,0,0
2025-10-01,4.2,4.15,3075,4.16,4.25,2966.094,805.139,0,0,0,0,4.09,3.94,0,0,30
2025-10-02,4.2,4.15,3022,4.17,4.26,2966.094,805.139,290,290,0,16.658579,4.12,3.95,0,0,29
2025-10-03,4.18,4.15,3018,4.16,4.25,2966.094,805.139,0,0,0,0,4.13,3.96,0,0,28
2025-10-06,4.15,4.15,2981,4.13,4.21,2966.094,805.139,0,0,0,0,4.13,3.95,0,0,25
2025-10-07,4.14,4.15,2946,4.12,4.2,2966.094,805.139,262,262,0,0.7445095,4.1,3.94,0,0,24
2025-10-08,4.12,4.15,2924,4.09,4.18,2998.471,807.428,0,0,0,0,4.1,3.94,0,0,23
2025-10-09,4.13,4.15,2923,4.1,4.19,2998.471,807.428,249,249,0,12.2263697,4.1,3.96,0,0,22
2025-10-10,4.15,4.15,2895,4.12,4.21,2998.471,807.428,0,0,0,0,4.09,3.95,0,0,21
2025-10-14,4.19,4.15,2932,4.17,4.26,2998.471,807.428,274,274,0,0.7444558,4.09,3.94,0,0,17
2025-10-15,4.29,4.15,3059,4.25,4.35,3019.028,809.593,119,0,119,2.2090332,4.1,3.96,0,0,16
2025-10-16,4.3,4.15,3045,4.26,4.37,3019.028,809.593,258,258,0,8.3858681,4.1,3.95,0,0,15
2025-10-17,4.18,4.15,3022,4.16,4.24,3019.028,809.593,0,0,0,0,4.08,3.93,0,0,14
2025-10-20,4.16,4.15,2945,4.12,4.21,3019.028,809.593,0,0,0,0,4.05,3.9,0,0,11
2025-10-21,4.23,4.15,2957,4.21,4.29,3019.028,809.593,274,274,0,0.7489713,4.02,3.89,0,0,10
2025-10-22,4.21,4.15,2956,4.18,4.27,2933.037,908.001,0,0,0,0,4.02,3.89,0,0,9
2025-10-23,4.24,4.15,3002,4.21,4.3,2933.037,908.001,258,258,0,8.9406723,4.02,3.89,0,0,8
2025-10-24,4.24,4.15,3000,4.21,4.3,2933.037,908.001,0,0,0,0,4.01,3.86,0,0,7
2025-10-27,4.27,4.15,3019,4.24,4.34,2933.037,908.001,0,0,0,0,4.01,3.82,0,0,4
2025-10-28,4.31,4.15,3067,4.28,4.39,2933.037,908.001,274,274,0,0.7703983,3.98,3.82,0,0,3
2025-10-29,4.27,4.15,3061,4.24,4.33,2848.021,957.99,0,0,0,0,3.93,3.86,0,0,2
2025-10-30,4.04,3.9,3098,3.99,4.09,2848.021,957.99,308,308,0,17.2570942,3.98,3.85,0,0,1
2025-10-31,4.22,3.9,3211,4.15,4.29,2848.021,957.99,252,0,252,14.4703555,3.98,3.82,0,0,0
2025-11-03,4.13,3.9,3237,4.09,4.2,2848.021,957.99,0,0,0,0,3.99,3.91,0,0,27
2025-11-04,4,3.9,3147,3.98,4.08,2848.021,957.99,274,274,0,0.8907451,3.95,3.89,0,0,26
2025-11-05,3.91,3.9,3145,3.88,3.98,2862.569,940.979,0,0,0,0,3.91,3.89,0,0,25
2025-11-06,3.92,3.9,3156,3.89,3.99,2862.569,940.979,258,258,0,12.1732853,3.94,3.86,0,0,24
2025-11-07,3.93,3.9,3069,3.9,3.99,2862.569,940.979,0,0,0,0,3.92,3.86,0,0,23
2025-11-10,3.95,3.9,3135,3.93,4.03,2862.569,940.979,0,0,0,0,3.97,3.88,0,0,20
2025-11-12,3.98,3.9,3209,3.95,4.05,2855.03,953.816,274,274,0,0.7490359,3.94,3.88,0,0,18
2025-11-13,4,3.9,3197,3.97,4.08,2855.03,953.816,258,258,0,16.4547577,3.97,3.89,0,0,17
2025-11-14,3.95,3.9,3195,3.92,4.02,2855.03,953.816,0,0,0,0,3.96,3.89,0,0,16
2025-11-17,4,3.9,3278,3.96,4.06,2855.03,953.816,125,0,125,19.4689521,3.97,3.89,0,0,13
2025-11-18,3.94,3.9,3220,3.9,4,2855.03,953.816,274,274,0,0.7359122,3.95,3.87,0,0,12
2025-11-19,3.91,3.9,3179,3.87,3.96,2888.643,941.926,0,0,0,0,3.93,3.88,0,0,11
2025-11-20,3.91,3.9,3170,3.86,3.96,2888.643,941.926,258,258,0,12.5270617,3.97,3.87,0,0,10
2025-11-21,3.93,3.9,3203,3.9,4,2888.643,941.926,0,0,0,0,3.96,3.84,0,0,9
2025-11-24,3.96,3.9,3232,3.93,4.03,2888.643,941.926,0,0,0,0,3.96,3.84,0,0,6
2025-11-25,4.01,3.9,3317,3.97,4.07,2888.643,941.926,274,274,0,0.7349261,3.97,3.83,0,0,5
2025-11-26,4.05,3.9,3297,4.02,4.12,2896.586,903.394,0,0,0,0,3.99,3.85,0,0,4
2025-11-28,4.12,3.9,3361,4.08,4.19,2896.586,903.394,345,298,47,13.789432,3.98,3.82,0,0,2
2025-12-01,4.12,3.9,3454,4.07,4.18,2896.586,903.394,199,0,199,22.7560461,3.92,3.8,0,0,30
2025-12-02,4.01,3.9,3407,3.96,4.06,2896.586,903.394,254,254,0,0.7894234,3.84,3.77,0,0,29
2025-12-03,3.95,3.9,3360,3.9,4,2858.284,937.167,0,0,0,0,3.77,3.72,0,0,28
2025-12-04,3.92,3.9,3300,3.87,3.97,2858.284,937.167,238,238,0,6.4175522,3.74,3.71,0,0,27
2025-12-05,3.93,3.9,3221,3.9,3.99,2858.284,937.167,0,0,0,0,3.72,3.7,0,0,26
2025-12-08,3.95,3.9,3209,3.93,4.02,2858.284,937.167,0.025,0.025,0,0,3.73,3.72,0,0,23
2025-12-09,3.93,3.9,3244,3.9,3.99,2858.284,937.167,239,239,0,0.7332342,3.72,3.72,0,0,22
2025-12-10,3.9,3.9,3222,3.87,3.96,2932.112,858.946,0,0,0,0,3.7,3.68,0,0,21
2025-12-11,3.66,3.65,3299,3.62,3.72,2932.112,858.946,238,238,0,10.2606654,3.68,3.66,0,0,20
2025-12-12,3.67,3.65,3261,3.65,3.74,2932.112,858.946,0,0,0,0,3.67,3.62,0,0,19
2025-12-15,3.75,3.65,3270,3.73,3.83,2932.112,858.946,119,0,119,0,3.68,3.64,0,1,16
2025-12-16,3.69,3.65,3319,3.64,3.74,2932.112,858.946,234,234,0,0.7313202,3.67,3.64,0,1,15
2025-12-17,3.69,3.65,3289,3.66,3.75,2959.044,833.093,0,0,0,0,3.64,3.63,0,1,14
2025-12-18,3.66,3.65,3273,3.63,3.72,2959.044,833.093,238,238,0,8.4042812,3.62,3.61,0,0,13
2025-12-19,3.66,3.65,3238,3.63,3.72,2959.044,833.093,0,0,0,0,3.63,3.62,0,0,12
2025-12-22,3.68,3.65,3253,3.66,3.75,2959.044,833.093,0,0,0,0,3.63,3.64,0,0,9
2025-12-23,3.66,3.65,3255,3.64,3.73,2959.044,833.093,229,229,0,0.7377222,3.62,3.64,0,0,8
2025-12-24,3.66,3.65,3194,3.64,3.73,2955.581,837.12,0,0,0,0,3.64,3.68,0,0,7
2025-12-26,3.76,3.65,3227,3.74,3.85,2955.581,837.12,316,288,28,13.2394617,3.62,3.64,0,0,5
2025-12-29,3.77,3.65,3346,3.76,3.86,2955.581,837.12,0,0,0,0,3.6,3.65,0,0,2
2025-12-30,3.71,3.65,3321,3.69,3.79,2955.581,837.12,229,229,0,0.789641,3.56,3.63,0,0,1
2025-12-31,3.87,3.65,3485,3.82,3.96,2957.41,837.306,220,0,220,23.446507,3.65,3.65,1,0,0
2026-01-02,3.75,3.65,3508,3.7,3.81,2957.41,837.306,238,238,0,14.112915,3.64,3.62,0,0,29
2026-01-05,3.7,3.65,3441,3.66,3.76,2957.41,837.306,0,0,0,0,3.63,3.62,0,0,26
2026-01-06,3.66,3.65,3390,3.62,3.71,2957.41,837.306,229,229,0,0.7159809,3.61,3.61,0,0,25
2026-01-07,3.65,3.65,3267,3.62,3.72,2996.379,796.148,0,0,0,0,3.61,3.6,0,0,24
2026-01-08,3.64,3.65,3249,3.61,3.7,2996.379,796.148,238,238,0,12.2593589,3.62,3.6,0,0,23
2026-01-09,3.64,3.65,3166,3.61,3.71,2996.379,796.148,0,0,0,0,3.62,3.6,0,0,22
2026-01-12,3.64,3.65,3128,3.62,3.71,2996.379,796.148,0,0,0,0,3.63,3.64,0,0,19
2026-01-13,3.65,3.65,3177,3.63,3.71,2996.379,796.148,229,229,0,0.7038091,3.63,3.65,0,0,18
2026-01-14,3.64,3.65,3148,3.62,3.71,3049.63,779.175,0,0,0,0,3.63,3.65,0,0,17
2026-01-15,3.66,3.65,3201,3.63,3.72,3049.63,779.175,357,238,119,42.43312,3.66,3.65,0,0,16
2026-01-16,3.65,3.65,3163,3.62,3.71,3049.63,779.175,0,0,0,0,3.66,3.65,0,0,15
2026-01-20,3.64,3.65,3162,3.61,3.7,3049.63,779.175,254,254,0,0.7114012,3.67,3.67,0,0,11
2026-01-21,3.63,3.65,3087,3.61,3.7,2954.903,869.261,0,0,0,0,3.68,3.67,0,0,10
2026-01-22,3.64,3.65,3121,3.62,3.71,2954.903,869.261,301,301,0,13.0798043,3.7,3.68,0,0,9
2026-01-23,3.65,3.65,3137,3.64,3.72,2954.903,869.261,0,0,0,0,3.69,3.67,0,0,8
2026-01-26,3.66,3.65,3143,3.65,3.74,2954.903,869.261,0,0,0,0,3.69,3.67,0,0,5
2026-01-27,3.66,3.65,3145,3.64,3.73,2954.903,869.261,269,269,0,0.7248632,3.69,3.66,0,0,4
2026-01-28,3.64,3.65,3146,3.62,3.71,2901.6,923.042,0,0,0,0,3.7,3.67,0,0,3
2026-01-29,3.65,3.65,3166,3.63,3.72,2901.6,923.042,256,256,0,11.8284039,3.7,3.67,0,0,2
2026-01-30,3.68,3.65,3275,3.66,3.76,2901.6,923.042,21,0,21,0,3.69,3.66,0,0,1
2026-02-02,3.69,3.65,3307,3.66,3.76,2901.6,923.042,226,0,226,15.925642,3.69,3.68,0,0,26
2026-02-03,3.69,3.65,3268,3.66,3.75,2901.6,923.042,269,269,0,0.9979483,3.69,3.68,0,0,25
2026-02-04,3.65,3.65,3310,3.63,3.71,2925.17,908.773,0,0,0,0,3.69,3.68,0,0,24
2026-02-05,3.65,3.65,3228,3.63,3.71,2925.17,908.773,256,256,0,11.5764348,3.7,3.67,0,0,23
2026-02-06,3.64,3.65,3195,3.62,3.7,2925.17,908.773,0,0,0,0,3.69,3.68,0,0,22
2026-02-09,3.63,3.65,3132,3.61,3.69,2925.17,908.773,0,0,0,0,3.69,3.68,0,0,19
2026-02-10,3.65,3.65,3194,3.63,3.71,2925.17,908.773,269,269,0,0.7833686,3.69,3.68,0,0,18
2026-02-11,3.65,3.65,3167,3.62,3.71,2939.557,915.306,0,0,0,0,3.69,3.69,0,0,17
2026-02-12,3.65,3.65,3205,3.63,3.72,2939.557,915.306,256,256,0,14.9203643,3.7,3.69,0,0,16
2026-02-13,3.66,3.65,3169,3.64,3.72,2939.557,915.306,0,0,0,0,3.69,3.68,0,0,15
2026-02-17,3.71,3.65,3254,3.68,3.78,2939.557,915.306,394,269,125,36.1316462,3.69,3.69,0,0,11
2026-02-18,3.73,3.65,3258,3.72,3.81,2949.804,912.727,0,0,0,0,3.69,3.69,0,0,10
2026-02-19,3.67,3.65,3238,3.64,3.73,2949.804,912.727,306,306,0,13.979643,3.69,3.69,0,0,9
2026-02-20,3.66,3.65,3224,3.64,3.73,2949.804,912.727,0,0,0,0,3.69,3.68,0,0,8
2026-02-23,3.66,3.65,3197,3.64,3.73,2949.804,912.727,0,0,0,0,3.69,3.68,0,0,5
2026-02-24,3.67,3.65,3239,3.65,3.73,2949.804,912.727,269,269,0,0.7528017,3.69,3.68,0,0,4
2026-02-25,3.67,3.65,3232,3.65,3.73,2965.765,887.612,0,0,0,0,3.68,3.68,0,0,3
2026-02-26,3.67,3.65,3262,3.65,3.73,2965.765,887.612,256,256,0,9.5964563,3.7,3.68,0,0,2
2026-02-27,3.68,3.65,3252,3.66,3.75,2965.765,887.612,37,0,37,0,3.69,3.67,0,0,1
2026-03-02,3.71,3.65,3404,3.69,3.78,2965.765,887.612,199,0,199,23.839123,3.7,3.69,0,0,29
2026-03-03,3.7,3.65,3310,3.67,3.76,2965.765,887.612,269,269,0,4.6319698,3.7,3.68,0,0,28
2026-03-04,3.67,3.65,3292,3.65,3.74,3015.531,832.053,0,0,0,0,3.7,3.68,0,0,27
2026-03-05,3.66,3.65,3294,3.63,3.72,3015.531,832.053,256,256,0,8.5995817,3.71,3.67,0,0,26
2026-03-06,3.65,3.65,3198,3.62,3.71,3015.531,832.053,0,0,0,0,3.7,3.66,0,0,25
2026-03-09,3.65,3.65,3173,3.63,3.71,3015.531,832.053,0,0,0,0,3.7,3.69,0,0,22
2026-03-10,3.64,3.65,3200,3.62,3.7,3015.531,832.053,269,269,0,0.8402739,3.7,3.68,0,0,21
2026-03-11,3.64,3.65,3175,3.62,3.7,3037.665,838.186,0,0,0,0,3.7,3.69,0,0,20
2026-03-12,3.65,3.65,3112,3.63,3.71,3037.665,838.186,256,256,0,14.5795837,3.71,3.69,0,0,19
2026-03-13,3.65,3.65,3164,3.63,3.71,3037.665,838.186,0,0,0,0,3.7,3.69,0,0,18
2026-03-16,3.7,3.65,3178,3.67,3.76,3037.665,838.186,119,0,119,0.03,3.71,3.69,0,0,15
2026-03-17,3.65,3.65,3146,3.62,3.71,3037.665,838.186,259,259,0,1.9354683,3.7,3.69,0,0,14
2026-03-18,3.62,3.65,3092,3.6,3.69,3019.995,853.052,0,0,0,0,3.69,3.7,0,0,13
2026-03-19,3.62,3.65,3121,3.6,3.68,3019.995,853.052,301,301,0,24.1326262,3.69,3.7,0,0,12
2026-03-20,3.62,3.65,3102,3.6,3.68,3019.995,853.052,0,0,0,0,3.68,3.71,0,0,11
2026-03-23,3.62,3.65,3013,3.6,3.68,3019.995,853.052,0,0,0,0,3.68,3.71,0,0,8
2026-03-24,3.63,3.65,3014,3.6,3.69,3019.995,853.052,244,244,0,1.6849098,3.69,3.71,0,0,7
2026-03-25,3.64,3.65,3063,3.63,3.71,2993.955,874.077,0,0,0,0,3.69,3.71,0,0,6
2026-03-26,3.65,3.65,3113,3.63,3.72,2993.955,874.077,246,246,0,12.1870276,3.69,3.71,0,0,5
2026-03-27,3.63,3.65,3037,3.62,3.69,2993.955,874.077,28,0,28,0,3.69,3.7,0,0,4
2026-03-30,3.63,3.65,3082,3.62,3.69,2993.955,874.077,0,0,0,0,3.69,3.7,0,0,1
2026-03-31,3.68,3.65,3280,3.66,3.75,2993.955,874.077,449,234,215,24.6807412,3.7,3.69,1,0,0
2026-04-01,3.65,3.65,3265,3.62,3.71,3026.708,847.718,0,0,0,0,3.69,3.69,0,0,29
2026-04-02,3.66,3.65,3251,3.63,3.73,3026.708,847.718,241,241,0,13.695651,3.69,3.69,0,0,28
2026-04-06,3.65,3.65,3217,3.63,3.71,3026.708,847.718,0,0,0,0,3.69,3.72,0,0,24
2026-04-07,3.62,3.65,3260,3.61,3.68,3026.708,847.718,224,224,0,1.1913291,3.65,3.7,0,0,23
2026-04-08,3.59,3.65,3169,3.58,3.66,3116.247,748.376,0,0,0,0,3.64,3.69,0,0,22
2026-04-09,3.57,3.65,3147,3.54,3.63,3116.247,748.376,236,236,0,17.223248,3.63,3.68,0,0,21
2026-04-10,3.61,3.65,3063,3.59,3.68,3116.247,748.376,0,0,0,0,3.65,3.68,0,0,20
2026-04-13,3.63,3.65,3135,3.61,3.69,3116.247,748.376,0,0,0,0,3.66,3.7,0,0,17
2026-04-14,3.66,3.65,3116,3.64,3.71,3116.247,748.376,224,224,0,2.4955234,3.68,3.7,0,0,16
2026-04-15,3.72,3.65,3117,3.7,3.78,3129.588,751.354,119,0,119,21.1028042,3.69,3.7,0,1,15
2026-04-16,3.67,3.65,3107,3.64,3.73,3129.588,751.354,286,286,0,11.2939061,3.67,3.7,0,0,14
2026-04-17,3.65,3.65,3042,3.62,3.71,3129.588,751.354,0,0,0,0,3.66,3.69,0,1,13
2026-04-20,3.63,3.65,3010,3.6,3.69,3129.588,751.354,0,0,0,0,3.66,3.7,0,1,10
2026-04-21,3.63,3.65,3021,3.61,3.69,3129.588,751.354,224,224,0,1.6096256,3.64,3.68,0,0,9
2026-04-22,3.64,3.65,2960,3.62,3.7,2901.825,1005.968,0,0,0,0,3.64,3.68,0,0,8
2026-04-23,3.65,3.65,3011,3.63,3.7,2901.825,1005.968,236,236,0,16.9684255,3.67,3.68,0,0,7
2026-04-24,3.66,3.65,3047,3.65,3.73,2901.825,1005.968,0,0,0,0,3.66,3.68,0,0,6
2026-04-27,3.66,3.65,3058,3.65,3.72,2901.825,1005.968,0,0,0,0,3.67,3.68,0,0,3
2026-04-28,3.64,3.65,3021,3.62,3.69,2901.825,1005.968,224,224,0,2.9801232,3.65,3.68,0,0,2
2026-04-29,3.63,3.65,2964,3.61,3.69,2918.599,981.929,0,0,0,0,3.64,3.68,0,0,1
2026-04-30,3.66,3.65,3275,3.64,3.72,2918.599,981.929,488,236,252,48.0883635,3.67,3.67,0,0,0
2026-05-01,3.64,3.65,3150,3.63,3.69,2918.599,981.929,0,0,0,0,3.67,3.67,0,0,30
2026-05-04,3.63,3.65,3113,3.61,3.67,2918.599,981.929,0,0,0,0,3.66,3.69,0,0,27
2026-05-05,3.62,3.65,3148,3.6,3.66,2918.599,981.929,224,224,0,6.4099579,3.65,3.69,0,0,26
2026-05-06,3.61,3.65,3129,3.6,3.66,3032.588,877.761,0,0,0,0,3.65,3.69,0,0,25
2026-05-07,3.6,3.65,3106,3.58,3.65,3032.588,877.761,241,241,0,15.2779932,3.67,3.69,0,0,24
2026-05-08,3.6,3.65,3087,3.58,3.65,3032.588,877.761,0,0,0,0,3.67,3.68,0,0,23
2026-05-11,3.6,3.65,3090,3.58,3.64,3032.588,877.761,0,0,0,0,3.66,3.69,0,0,20
2026-05-12,3.6,3.65,3097,3.58,3.65,3032.588,877.761,244,244,0,2.2778797,3.66,3.69,0,0,19
2026-05-13,3.59,3.65,3119,3.58,3.64,3102.81,838.584,0,0,0,0,3.66,3.69,0,0,18
2026-05-14,3.56,3.65,3115,3.55,3.62,3102.81,838.584,296,296,0,18.573619,3.67,3.68,0,0,17
2026-05-15,3.55,3.65,3157,3.53,3.61,3102.81,838.584,125,0,125,29.6807998,3.66,3.68,0,0,16
2026-05-18,3.53,3.65,3159,3.52,3.58,3102.81,838.584,0,0,0,0,3.65,3.68,0,0,13
2026-05-19,3.51,3.65,3111,3.51,3.54,3102.81,838.584,264,264,0,11.0760772,3.62,3.67,0,0,12
2026-05-20,3.5,3.65,3082,3.5,3.52,3129.562,781.293,0,0,0,0,3.61,3.65,0,0,11
2026-05-21,3.51,3.65,3077,3.51,3.55,3129.562,781.293,251,251,0,15.1462619,3.67,3.67,0,0,10
2026-05-22,3.55,3.65,3078,3.53,3.61,3129.562,781.293,25,25,0,0,3.67,3.67,0,0,9
2026-05-26,3.63,3.65,3127,3.61,3.69,3129.562,781.293,264,264,0,10.296963,3.68,3.68,0,0,5
2026-05-27,3.63,3.65,3176,3.62,3.69,3066.56,830.296,0,0,0,0,3.68,3.67,0,0,4
2026-05-28,3.62,3.65,3139,3.6,3.68,3066.56,830.296,251,251,0,9.6755519,3.69,3.68,0,0,3
2026-05-29,3.63,3.65,3201,3.61,3.69,3066.56,830.296,47,0,47,0,3.69,3.68,0,0,2
2026-06-01,3.65,3.65,3224,3.63,3.71,3066.56,830.296,199,0,199,29.3610143,3.7,3.71,0,0,29
2026-06-02,3.63,3.65,3148,3.61,3.68,3066.56,830.296,234,234,0,9.1821325,3.69,3.71,0,0,28
2026-06-03,3.61,3.65,3098,3.59,3.67,3013.902,875.713,0,0,0,0,3.68,3.71,0,0,27
2026-06-04,3.62,3.65,3147,3.59,3.67,3013.902,875.713,241,241,0,15.2569727,3.68,3.71,0,0,26
2026-06-05,3.63,3.65,3131,3.61,3.68,3013.902,875.713,0,0,0,0,3.68,3.71,0,0,25
2026-06-08,3.63,3.65,3115,3.61,3.68,3013.902,875.713,0,0,0,0,3.68,3.74,0,0,22
2026-06-09,3.6,3.65,3063,3.59,3.65,3013.902,875.713,219,219,0,11.7596947,3.66,3.72,0,0,21
2026-06-10,3.59,3.65,3023,3.57,3.64,3080.723,828.122,0,0,0,0,3.67,3.72,0,0,20
2026-06-11,3.6,3.65,3061,3.58,3.66,3080.723,828.122,281,281,0,18.0691881,3.67,3.71,0,0,19
2026-06-12,3.65,3.65,3059,3.63,3.7,3080.723,828.122,0,0,0,0,3.66,3.71,0,0,18
2026-06-15,3.69,3.65,3147,3.67,3.74,3080.723,828.122,119,0,119,0,3.66,3.72,0,1,15
2026-06-16,3.63,3.65,3137,3.61,3.69,3080.723,828.122,214,214,0,14.3111566,3.64,3.72,0,1,14
2026-06-17,3.63,3.65,3114,3.61,3.68,3033.444,880.713,0,0,0,0,3.65,3.77,0,1,13
2026-06-18,3.62,3.65,3148,3.6,3.67,3033.444,880.713,231,231,0,19.3651549,3.66,3.75,0,0,12
2026-06-22,3.61,3.65,3073,3.59,3.67,3033.444,880.713,13,0,13,0,3.63,3.79,0,0,8
2026-06-23,3.62,3.65,3105,3.6,3.67,3033.444,880.713,214,214,0,13.2462717,3.62,3.79,0,0,7
2026-06-24,3.62,3.65,3116,3.61,3.68,2951.416,918.696,0,0,0,0,3.62,3.79,0,0,6
2026-06-25,3.64,3.65,3145,3.62,3.69,2951.416,918.696,231,231,0,15.8627421,3.68,3.78,0,0,5
2026-06-26,3.62,3.65,3171,3.6,3.67,2951.416,918.696,28,0,28,0,3.68,3.75,0,0,4
2026-06-29,3.62,3.65,3126,3.6,3.68,2951.416,918.696,0,0,0,0,3.69,3.83,0,0,1
2026-06-30,3.68,3.65,3418,3.64,3.73,2951.416,918.696,421,214,207,47.7747904,3.67,3.83,1,0,0
2026-07-01,3.66,3.65,3321,3.63,3.71,2966.897,880.237,0,0,0,0,3.63,3.8,0,0,30
2026-07-02,3.64,3.65,3208,3.62,3.7,2966.897,880.237,251,251,0,16.2638852,3.67,3.76,0,0,29
2026-07-06,3.63,3.65,3212,3.61,3.68,2966.897,880.237,0,0,0,0,3.67,3.83,0,0,25
2026-07-07,3.62,3.65,3154,3.6,3.67,2966.897,880.237,242,242,0,9.0823513,3.65,3.82,0,0,24
2026-07-08,3.58,3.65,3158,3.57,3.64,3098.911,774.062,0,0,0,0,3.63,3.82,0,0,23
2026-07-09,3.53,3.65,3126,3.51,3.57,3098.911,774.062,313,313,0,16.6178421,3.69,3.78,0,0,22
2026-07-10,3.55,3.65,3056,3.52,3.6,3098.911,774.062,0,0,0,0,3.69,3.8,0,0,21
2026-07-13,3.6,3.65,3096,3.58,3.65,3098.911,774.062,0,0,0,0,3.7,3.85,0,0,18
2026-07-14,3.63,3.65,3092,3.62,3.69,3098.911,774.062,267,267,0,16.5175557,3.7,3.8,0,0,17
2026-07-15,3.64,3.65,3104,3.62,3.7,3142.721,756.218,119,0,119,12.3752518,3.7,3.79,0,0,16
2026-07-16,3.62,3.65,3038,3.59,3.67,3142.721,756.218,266,266,0,10.7845266,3.73,3.79,0,0,15
2026-07-17,3.59,3.65,3030,3.56,3.64,3142.721,756.218,0,0,0,0,3.71,3.8,0,0,14
2026-07-20,3.57,3.65,3012,3.54,3.62,3142.721,756.218,0,0,0,0,3.7,3.82,0,0,11
2026-07-21,3.61,3.65,2975,3.58,3.66,3142.721,756.218,282,282,0,16.5257096,3.7,3.83,0,0,10
2026-07-22,3.62,3.65,3026,3.6,3.67,3062.149,829.623,0,0,0,0,3.71,3.84,0,0,9
2026-07-23,3.64,3.65,2971,3.62,3.7,3062.149,829.623,266,266,0,16.1948115,3.79,3.9,0,0,8
2026-07-24,3.64,3.65,2979,3.62,3.69,3062.149,829.623,13,0,13,0,3.77,3.9,0,0,7
2026-07-27,3.64,3.65,2953,3.62,3.68,3062.149,829.623,0,0,0,0,3.75,3.91,0,0,4
2026-07-28,3.65,3.65,2977,3.64,3.71,3062.149,829.623,282,282,0,16.8966542,3.7,3.86,0,0,3
2026-07-29,3.65,3.65,3032,3.64,3.7,2984.57,910.776,0,0,0,0,3.67,3.79,0,0,2
2026-07-30,3.65,3.65,3011,3.63,3.7,2984.57,910.776,266,266,0,18.6901514,3.7,3.78,0,0,1
2026-07-31,3.66,3.65,3205,3.64,3.72,2984.57,910.776,234,0,234,25.8713051,3.69,3.77,0,0,0
2026-08-03,3.65,3.65,3055,3.63,3.7,2984.57,910.776,0,0,0,0,3.7,3.84,0,0,28
2026-08-04,3.66,3.65,3036,3.64,3.71,2984.57,910.776,282,282,0,15.4073467,3.68,3.83,0,0,27
2026-08-05,3.64,3.65,2989,3.63,3.7,2993.349,907.324,0,0,0,0,3.68,3.83,0,0,26
2026-08-06,3.65,3.65,3055,3.63,3.7,2993.349,907.324,318,318,0,25.2108825,3.71,3.83,0,0,25
2026-08-07,3.62,3.65,2977,3.6,3.68,2993.349,907.324,0,0,0,0,3.7,3.81,0,0,24
2026-08-10,3.63,3.65,2964,3.61,3.68,2993.349,907.324,0,0,0,0,3.7,3.83,0,0,21
2026-08-11,3.64,3.65,2961,3.63,3.7,2993.349,907.324,282,282,0,13.1366531,3.7,3.83,0,0,20
2026-08-12,3.62,3.65,2943,3.6,3.67,2944.059,963.95,0,0,0,0,3.68,3.81,0,0,19
2026-08-13,3.62,3.65,2932,3.6,3.67,2944.059,963.95,266,266,0,16.1141098,3.7,3.8,0,0,18
2026-08-14,3.62,3.65,2957,3.6,3.68,2944.059,963.95,0,0,0,0,3.7,3.8,0,0,17
2026-08-17,3.66,3.65,3068,3.64,3.71,2944.059,963.95,125,0,125,31.6175929,3.7,3.81,0,0,14
2026-08-18,3.65,3.65,3010,3.63,3.7,2944.059,963.95,282,282,0,20.9504058,3.69,3.8,0,0,13
2026-08-19,3.62,3.65,2923,3.6,3.67,2935.287,953.612,0,0,0,0,3.68,3.8,0,0,12
2026-08-20,3.63,3.65,2922,3.6,3.68,2935.287,953.612,266,266,0,19.4446335,3.71,3.8,0,0,11
2026-08-21,3.65,3.65,2952,3.63,3.7,2935.287,953.612,0,0,0,0,3.71,3.81,0,0,10
2026-08-24,3.65,3.65,2919,3.63,3.71,2935.287,953.612,0,0,0,0,3.7,3.81,0,0,7
2026-08-25,3.66,3.65,2916,3.64,3.71,2935.287,953.612,282,282,0,18.0107706,3.7,3.8,0,0,6
2026-08-26,3.64,3.65,2859,3.62,3.7,2924.936,950.736,0,0,0,0,3.71,3.79,0,0,5
2026-08-27,3.64,3.65,2836,3.62,3.7,2924.936,950.736,266,266,0,11.9808242,3.72,3.78,0,0,4
2026-08-28,3.65,3.65,2808,3.63,3.7,2924.936,950.736,28,0,28,0,3.75,3.83,0,0,3
2026-08-31,3.68,3.65,3056,3.67,3.74,2924.936,950.736,207,0,207,26.6110354,3.75,3.87,0,0,0
2026-09-01,3.66,3.65,2912,3.63,3.71,2924.936,950.736,262,262,0,22.327536,3.75,3.87,0,0,29
2026-09-02,3.65,3.65,2882,3.63,3.7,2894.531,967.935,0,0,0,0,3.72,3.87,0,0,28
2026-09-03,3.66,3.65,2949,3.64,3.7,2894.531,967.935,308,308,0,18.5679375,3.76,3.84,0,0,27
2026-09-04,3.65,3.65,2888,3.64,3.7,2894.531,967.935,0,0,0,0,3.72,3.86,0,0,26
2026-09-08,3.64,3.65,2904,3.63,3.69,2894.531,967.935,247,247,0,14.7774138,3.72,3.89,0,0,22
2026-09-09,3.64,3.65,2859,3.62,3.68,2991.31,883.335,0,0,0,0,3.72,3.9,0,0,21
2026-09-10,3.62,3.65,2921,3.6,3.67,2991.31,883.335,246,246,0,18.8983008,3.84,3.95,0,0,20
2026-09-11,3.62,3.65,2867,3.6,3.67,2991.31,883.335,0,0,0,0,3.85,4.01,0,0,19
2026-09-14,3.62,3.65,2861,3.6,3.67,2991.31,883.335,0,0,0,0,3.86,4.07,0,0,16
2026-09-15,3.64,3.65,2952,3.62,3.69,2991.31,883.335,366,247,119,19.3742087,3.85,4.07,0,1,15
2026-09-16,3.62,3.65,2931,3.6,3.67,3013.794,877.028,0,0,0,0,3.88,4.09,0,1,14
2026-09-17,3.85,3.9,2992,3.83,3.9,3013.794,877.028,246,246,0,21.9630492,3.89,4.07,0,1,13
2026-09-18,3.85,3.9,2955,3.83,3.9,3013.794,877.028,13,0,13,0,3.89,4.08,0,0,12
2026-09-21,3.85,3.9,2912,3.83,3.91,3013.794,877.028,0,0,0,0,3.88,4.12,0,0,9
2026-09-22,3.87,3.9,2940,3.85,3.92,3013.794,877.028,247,247,0,20.9874509,3.88,4.11,0,0,8
2026-09-23,3.87,3.9,2946,3.85,3.92,2930.193,977.084,0,0,0,0,3.88,4.14,0,0,7
2026-09-24,3.88,3.9,2990,3.86,3.92,2930.193,977.084,246,246,0,16.6162972,3.93,4.18,0,0,6
2026-09-25,3.9,3.9,2914,3.89,3.95,2930.193,977.084,28,0,28,0,3.97,4.18,0,0,5
2026-09-28,3.9,3.9,2964,3.89,3.95,2930.193,977.084,0,0,0,0,3.96,4.2,0,0,2
2026-09-29,3.88,3.9,2967,3.86,3.93,2930.193,977.084,247,247,0,20.4161103,3.95,4.17,0,0,1
2026-09-30,3.9,3.9,3230,3.88,3.96,2948.09,948.674,202,0,202,30.411079,3.91,4.13,1,0,0
2026-10-01,3.87,3.9,3067,3.84,3.92,2948.09,948.674,316,316,0,30.2317343,3.96,4.1,0,0,30
2026-10-02,3.88,3.9,3013,3.86,3.93,2948.09,948.674,0,0,0,0,3.95,4.11,0,0,29
2026-10-05,3.89,3.9,3007,3.87,3.94,2948.09,948.674,0,0,0,0,3.95,4.15,0,0,26
2026-10-06,3.9,3.9,2997,3.88,3.95,2948.09,948.674,270,270,0,13.7479797,3.95,4.14,0,0,25
2026-10-07,3.88,3.9,2968,3.86,3.92,3029.659,880.253,0,0,0,0,3.94,4.15,0,0,24
2026-10-08,3.87,3.9,2963,3.85,3.91,3029.659,880.253,272,272,0,20.4897929,4.04,4.15,0,0,23
